"model","engine_power","age","km","previous_owners","lat","lon","price"
"lounge",51,29,25000,1,44.90724182,8.611559868,8900
"pop",51,39,32500,1,45.66635895,12.24188995,8800
"sport",74,153,142228,1,45.50329971,11.41784,4200
"lounge",51,90,160000,1,40.63317108,17.63460922,6000
"pop",73,101,106880,1,41.90322113,12.49565029,5700
"pop",74,119,70225,1,45.0007019,7.68227005,7900
"lounge",51,24,11600,1,44.90724182,8.611559868,10750
"lounge",51,50,49076,1,41.90322113,12.49565029,9190
"sport",73,133,76000,1,45.54800034,11.54946995,5600
"sport",51,120,89000,1,45.43830109,10.99170017,6000
"pop",51,26,43286,1,40.87142944,14.43896008,8950
"lounge",51,12,17500,1,45.06967926,7.704919815,10990
"lounge",51,15,18450,1,45.42657089,11.78812981,9700
"pop",51,126,120000,1,40.53158951,17.43615913,4800
"lounge",51,34,40500,1,40.91136169,14.21119976,9300
"lounge",51,36,28200,1,45.6972084,9.845970154,9500
"lounge",73,138,110000,1,41.08235168,14.25424957,5250
"pop",51,73,96848,1,43.78237152,11.25498962,7990
"lounge",51,94,31000,1,45.06967926,7.704919815,7300
"lounge",51,14,20030,1,45.35438919,11.86925983,10500
"lounge",51,13,19037,1,45.70724869,11.4776001,10500
"lounge",51,62,110000,1,40.83581161,14.50440979,6990
"lounge",51,34,8000,1,44.50608826,12.04417038,10600
"lounge",51,26,27595,1,45.68825912,8.731450081,10200
"lounge",51,52,14900,1,45.06967926,7.704919815,9990
"lounge",51,12,9218,1,45.43811035,12.31814957,10800
"pop",51,118,124000,1,40.96617889,17.11647987,6800
"sport",51,116,100000,1,40.97645187,14.17228031,4950
"lounge",51,25,28900,1,45.13167191,8.449170113,10640
"lounge",51,22,4000,1,41.34975052,13.35332012,9500
"lounge",62,91,59216,1,43.78237152,11.25498962,6990
"lounge",51,137,99477,2,40.55056381,14.22562504,5900
"lounge",51,27,21730,2,41.90322113,12.49565029,10500
"sport",51,129,140000,2,40.75593185,14.69019032,5200
"lounge",51,21,32033,2,44.28387833,11.88813972,9790
"pop",51,120,138116,2,40.63317108,17.63460922,5000
"pop",51,28,17000,1,45.50516129,8.939100266,8990
"pop",51,99,58527,1,45.68825912,8.731450081,7200
"sport",51,26,43100,1,45.33407974,11.37687016,9950
"pop",51,61,13373,1,41.90322113,12.49565029,9000
"sport",51,136,119000,1,45.34931946,7.742599964,4890
"pop",51,20,28500,1,45.74602127,9.049969673,10900
"pop",51,36,83000,1,41.95972061,12.79805565,7900
"lounge",73,133,98000,1,38.2181282,15.2402401,5999
"lounge",51,15,12693,1,45.39360046,10.48223972,10900
"lounge",51,25,14586,1,42.34196854,12.35848999,10500
"lounge",51,27,27640,1,41.90322113,12.49565029,10400
"lounge",51,67,49000,1,41.90322113,12.49565029,7500
"sport",51,121,160000,1,45.4054718,10.27828979,4900
"sport",51,151,107000,1,40.84590149,14.36927032,4300
"lounge",51,72,66000,1,40.8401413,14.25226021,6999
"sport",51,26,35000,1,45.33407974,11.37687016,10200
"pop",51,39,24651,1,41.90322113,12.49565029,9300
"sport",62,108,71900,1,41.06240082,14.27388,5990
"lounge",51,23,11200,1,46.17649841,9.903670311,10600
"lounge",51,108,124050,1,43.86997986,10.3398304,5500
"pop",51,35,69395,1,45.23141098,9.592889786,7450
"lounge",51,15,17961,1,45.39360046,10.48223972,10900
"lounge",51,22,18669,1,45.0007019,7.68227005,10990
"pop",51,47,22700,1,41.90322113,12.49565029,8900
"lounge",51,137,56000,1,45.46796036,9.181779861,5900
"lounge",51,23,22669,1,45.06967926,7.704919815,9500
"pop",73,84,50000,1,42.15787888,11.90227985,8250
"lounge",51,77,39743,1,45.69522858,9.669509888,8800
"lounge",51,15,27466,1,45.39360046,10.48223972,9800
"lounge",51,18,22609,1,45.6958313,9.180390358,9900
"pop",51,48,94485,1,44.50883865,11.46907997,7450
"sport",51,140,188000,1,41.06240082,14.27388,4490
"lounge",51,77,94000,1,45.43811035,12.31814957,7400
"pop",51,72,60786,1,43.9381218,10.91257954,7900
"pop",51,36,41950,1,41.66950989,12.50222969,10700
"lounge",51,15,16971,1,45.39360046,10.48223972,10900
"lounge",51,135,45300,1,41.29956055,13.03258991,7400
"lounge",51,135,45300,1,41.29956055,13.03258991,7400
"lounge",51,106,75359,1,45.06967926,7.704919815,7800
"lounge",51,12,12585,1,45.06967926,7.704919815,9900
"pop",62,69,103000,1,45.79785919,8.644439697,7900
"sport",51,90,77149,3,44.75489044,8.031900406,7800
"lounge",51,15,13587,3,45.39360046,10.48223972,10900
"lounge",51,59,55595,3,45.76697922,11.73840046,7800
"lounge",51,13,17250,3,45.06967926,7.704919815,10050
"sport",51,141,145000,3,41.06240082,14.27388,4799
"lounge",51,26,20849,1,41.90322113,12.49565029,8100
"lounge",51,131,107375,1,41.37656021,14.07629967,5800
"pop",63,66,100000,1,45.31818008,9.105690002,7500
"lounge",51,15,17841,1,45.39360046,10.48223972,10900
"lounge",51,25,44778,1,45.5712204,9.159139633,9390
"pop",51,107,78681,1,45.67927933,9.237190247,7490
"pop",51,147,123000,1,40.63317108,17.63460922,4900
"lounge",51,13,17912,1,41.83264923,12.75259972,9970
"lounge",51,35,69916,1,41.80298996,12.59893036,8980
"lounge",51,87,97700,1,44.50883865,11.46907997,7450
"pop",51,12,11500,1,45.70724869,11.4776001,9500
"lounge",51,13,17250,1,45.46796036,9.181779861,10050
"lounge",51,12,12372,1,38.91444016,16.58436012,10465
"sport",51,141,165600,1,44.71540833,11.30830002,5950
"pop",51,35,28000,1,41.7690506,12.66281033,8500
"sport",51,66,86000,2,40.63317108,17.63460922,7800
"lounge",51,15,18592,2,45.39360046,10.48223972,10900
"pop",51,24,41558,2,45.5712204,9.159139633,8790
"pop",51,132,96000,2,44.29430008,9.674440384,5700
"lounge",51,23,19000,1,41.26411057,13.74499035,10000
"lounge",51,13,18183,1,41.83264923,12.75259972,9970
"lounge",51,35,69916,1,41.80298996,12.59893036,8980
"pop",51,87,75500,1,44.50883865,11.46907997,7500
"pop",51,60,39500,1,45.67340088,9.926890373,9800
"lounge",51,13,17250,1,41.90322113,12.49565029,10050
"pop",51,126,128000,1,45.76464844,8.99450016,4900
"pop",51,12,12929,1,45.55654907,9.534469604,9400
"lounge",51,117,113254,2,44.30582047,8.483639717,6100
"lounge",51,12,18000,1,41.26411057,13.74499035,10700
"lounge",51,13,16643,1,41.83264923,12.75259972,9970
"lounge",51,95,92300,1,43.88206863,11.10035038,7500
"lounge",51,21,34873,1,40.85889816,14.35719013,9500
"sport",51,132,102000,1,41.35784912,13.42463017,6500
"lounge",51,13,16135,1,45.35776901,9.612210274,10650
"lounge",51,127,95350,1,41.90322113,12.49565029,5500
"lounge",51,14,19909,1,45.72071838,7.321430206,10950
"lounge",51,14,16518,1,44.39997101,8.274499893,11000
"pop",62,103,113000,1,45.43811035,12.31814957,5800
"pop",51,36,50000,1,40.92166901,14.19626999,9500
"pop",62,99,120000,1,45.06967926,7.704919815,4900
"lounge",51,106,105000,1,45.6848793,9.717909813,6500
"lounge",51,93,104000,1,45.96493149,12.6445303,6000
"pop",51,93,56779,4,41.90322113,12.49565029,7500
"lounge",51,13,17590,1,41.83264923,12.75259972,9970
"pop",51,37,7772,1,41.06985092,15.05898952,9000
"lounge",51,94,85000,1,45.6095314,10.20856953,7700
"lounge",51,119,75900,1,43.78237152,11.25498962,6300
"lounge",51,37,21400,1,44.33253098,7.545919895,9500
"lounge",51,141,112400,1,45.70610046,11.80737019,5000
"lounge",51,12,18590,1,40.39588928,18.12977982,10900
"sport",51,131,175000,1,45.7012291,8.812990189,4800
"lounge",51,23,22700,1,45.7768898,9.306159973,10250
"pop",51,36,50000,1,40.92166901,14.19626999,9500
"lounge",62,114,110000,1,40.83581161,14.50440979,4990
"pop",51,46,49000,1,45.60689163,9.306619644,8200
"lounge",51,26,34012,1,45.43878937,10.76424026,10550
"lounge",51,38,53589,1,45.23141098,9.592889786,8950
"lounge",51,13,14431,1,41.83264923,12.75259972,9970
"lounge",51,97,80000,1,45.58409119,9.270959854,6900
"lounge",51,137,81900,2,45.44327164,10.2302103,4900
"lounge",51,101,124100,2,45.52497864,9.522139549,6700
"pop",51,60,46000,1,45.66292953,11.60243034,7800
"lounge",74,139,176000,1,42.92044067,13.83355045,4990
"lounge",51,12,13124,1,45.72071838,7.321430206,10950
"lounge",51,132,152900,1,43.06753159,12.55154991,5500
"lounge",51,25,15917,1,40.93085098,14.52859974,9900
"sport",51,144,74000,1,43.52069855,13.23808002,6900
"lounge",51,15,13215,1,39.29122162,16.25251389,9490
"lounge",51,12,14732,1,45.74074173,12.23266983,9950
"lounge",51,95,67000,1,45.67483902,9.687859535,7900
"lounge",51,26,39916,1,40.75220871,14.45341015,10279
"lounge",51,13,13600,1,41.90322113,12.49565029,9970
"lounge",51,23,21580,1,41.12586975,16.86665916,11090
"lounge",51,115,106000,1,41.27293015,16.41847038,5600
"lounge",51,61,35304,1,45.64609909,10.49915981,8000
"lounge",51,132,174000,1,42.92044067,13.83355045,5400
"lounge",51,62,51786,1,40.78419113,14.36966991,7990
"lounge",51,15,56779,1,45.43811035,12.31814957,10800
"lounge",51,112,70000,1,41.90322113,12.49565029,5800
"pop",51,112,56779,1,42.45336914,14.14037991,8700
"lounge",51,13,16755,1,39.29122162,16.25251389,9490
"pop",51,23,48268,1,45.58409119,9.270959854,9000
"pop",51,116,97000,1,45.67483902,9.687859535,6500
"lounge",51,26,39916,1,41.90322113,12.49565029,10280
"pop",51,125,114000,1,45.60697174,9.629229546,4500
"lounge",51,13,15341,1,45.35776901,9.612210274,10950
"lounge",51,116,83000,1,40.63317108,17.63460922,5900
"pop",51,82,57200,1,41.90322113,12.49565029,7900
"lounge",51,95,96685,1,40.69556046,14.48085022,5900
"lounge",51,12,17272,1,38.12207031,13.36112022,11000
"sport",51,134,124000,1,41.15206146,15.08308983,4250
"lounge",51,24,24700,1,41.90322113,12.49565029,9450
"pop",51,19,5000,1,40.8401413,14.25226021,8900
"lounge",51,15,19133,1,45.39360046,10.48223972,10900
"lounge",51,15,11998,1,39.29122162,16.25251389,9590
"pop",51,26,39461,1,40.92649078,14.4764204,10800
"lounge",51,35,1232,1,45.46796036,9.181779861,9900
"lounge",51,26,39916,1,41.80298996,12.59893036,10280
"lounge",51,43,23500,1,43.81702042,10.68284988,9800
"lounge",51,13,14991,1,45.35776901,9.612210274,10950
"lounge",51,82,104000,1,40.46537018,17.25053978,6900
"lounge",51,111,132000,2,45.69522858,9.669509888,4800
"lounge",51,18,20000,1,45.46350098,9.913140297,9600
"lounge",51,16,18337,1,39.33176041,16.18132973,10500
"pop",51,46,25282,1,45.06967926,7.704919815,8200
"lounge",51,142,117000,1,45.32979965,10.12679958,5399
"lounge",51,105,160403,1,41.35784912,13.42463017,5500
"lounge",51,47,81900,1,44.13837051,12.23882008,10000
"lounge",51,27,19000,1,44.98873901,9.010499954,9990
"pop",51,22,45000,1,41.90322113,12.49565029,10670
"lounge",51,22,38000,1,45.54597855,12.16055965,8900
"pop",51,143,76000,1,45.85166168,9.391869545,5500
"lounge",51,106,142000,1,44.29430008,9.674440384,4900
"lounge",51,17,9150,1,44.41175842,12.2040596,10600
"pop",51,51,52026,1,45.06967926,7.704919815,6900
"lounge",51,75,145150,2,45.38684082,11.79088974,6800
"lounge",51,13,19783,2,38.12207031,13.36112022,11000
"lounge",51,123,105610,2,37.72787857,12.88747025,4900
"lounge",51,34,18000,1,41.90322113,12.49565029,10990
"lounge",51,48,54000,1,38.12207031,13.36112022,10000
"pop",51,28,10400,1,45.7907486,8.746919632,10400
"lounge",51,25,22000,1,44.98873901,9.010499954,9790
"lounge",51,148,102502,1,45.06967926,7.704919815,5700
"lounge",51,12,10000,1,45.54597855,12.16055965,10990
"lounge",51,141,124000,1,41.90322113,12.49565029,5300
"lounge",51,13,14284,1,45.35776901,9.612210274,10850
"pop",62,63,37900,1,45.77878189,11.84053993,7600
"pop",51,85,88000,1,43.88206863,11.10035038,5500
"lounge",51,15,13600,1,45.73727036,11.38978958,10400
"pop",51,84,52000,1,40.69672012,14.51916027,6900
"lounge",51,41,27464,1,45.61695862,9.422280312,8200
"lounge",51,14,23212,1,45.35438919,11.86925983,10500
"sport",51,118,99180,1,43.62332916,11.46354008,6700
"lounge",51,23,25000,1,44.98873901,9.010499954,9790
"lounge",51,41,39600,1,41.90322113,12.49565029,8500
"lounge",51,100,132000,1,37.8167305,12.86872005,7900
"pop",51,26,48000,1,45.38145828,9.155489922,8500
"lounge",51,132,118000,2,44.06312943,12.44701004,5100
"lounge",51,129,121000,2,41.90322113,12.49565029,4500
"lounge",51,70,59753,1,44.43400955,10.40653992,6900
"lounge",51,62,56500,1,45.46796036,9.181779861,8500
"lounge",51,13,18019,1,38.12207031,13.36112022,11000
"lounge",51,122,108000,1,45.56040955,8.059780121,6600
"sport",73,128,120000,1,44.29430008,9.674440384,5100
"lounge",51,128,120000,1,44.11185837,9.958860397,5900
"lounge",51,14,18233,1,45.35438919,11.86925983,10500
"lounge",51,15,10062,1,45.81475067,8.830129623,10700
"pop",51,23,16000,1,44.98873901,9.010499954,9190
"lounge",51,45,64658,1,45.75424957,9.312749863,9435
"lounge",51,22,25000,1,45.07889938,9.302300453,10500
"sport",51,81,113000,1,46.79201889,11.98031998,6600
"pop",62,107,84740,1,45.3355217,11.78584003,6900
"pop",51,78,81600,1,43.9381218,10.91257954,7600
"lounge",51,25,8500,1,44.69252014,10.10396004,10800
"lounge",51,12,14089,1,42.56283188,12.64220047,10900
"lounge",51,78,90000,1,44.28387833,11.88813972,7900
"pop",51,52,38000,1,41.90322113,12.49565029,8900
"lounge",51,27,13500,1,41.90322113,12.49565029,10300
"lounge",51,13,13105,1,45.35438919,11.86925983,10500
"lounge",51,22,33608,1,43.06753159,12.55154991,10900
"pop",51,108,90000,1,43.9126091,12.90561008,6900
"lounge",51,27,32150,1,45.51256943,10.32901001,9950
"lounge",51,132,68000,1,45.07889938,9.302300453,5800
"lounge",51,81,127000,1,44.13837051,12.23882008,6300
"lounge",51,25,13236,2,40.69556046,14.48085022,10300
"lounge",51,12,20653,2,45.70724869,11.4776001,10500
"lounge",51,12,10909,2,38.12207031,13.36112022,11000
"lounge",51,14,15000,2,44.55202866,7.725810051,10950
"lounge",51,61,12000,2,40.87839127,14.14029026,10500
"lounge",51,26,39162,2,45.46796036,9.181779861,9990
"lounge",51,26,27595,2,45.68825912,8.731450081,10200
"lounge",51,26,23040,2,41.90322113,12.49565029,8000
"lounge",51,13,12780,2,44.90724182,8.611559868,10500
"lounge",51,26,30758,2,45.51256943,10.32901001,9950
"pop",51,37,50000,1,41.90322113,12.49565029,8250
"pop",51,113,125684,1,43.87985992,10.78281021,4390
"pop",51,12,22148,1,45.6835289,11.95294952,9500
"lounge",51,12,71200,1,44.03533173,10.13949013,8900
"lounge",51,37,44000,1,44.70143127,7.972080231,9500
"lounge",51,14,18702,1,38.12207031,13.36112022,11000
"pop",51,70,40388,1,45.0127182,7.821589947,8390
"lounge",73,153,143000,1,45.06967926,7.704919815,4500
"lounge",51,26,31650,1,45.68825912,8.731450081,10200
"lounge",51,22,35000,1,41.90322113,12.49565029,10470
"pop",62,35,34464,1,43.78237152,11.25498962,7500
"lounge",51,22,15214,1,37.6079483,12.96685028,10800
"lounge",51,144,135762,1,43.87985992,10.78281021,3390
"lounge",51,109,89179,2,45.6100502,9.242340088,7500
"pop",51,72,53428,2,45.46796036,9.181779861,6990
"lounge",51,13,13980,2,45.46580124,8.88640976,9980
"lounge",51,12,14816,2,38.12207031,13.36112022,11000
"lounge",51,24,33070,2,41.10787964,14.20880985,10900
"lounge",51,78,102600,1,40.96617889,17.11647987,6800
"pop",51,60,45000,1,41.90322113,12.49565029,8200
"pop",66,130,83000,1,41.90322113,12.49565029,5800
"lounge",51,23,21000,1,44.71540833,11.30830002,10900
"lounge",51,95,70000,1,43.33272171,11.71932983,6900
"pop",51,142,120000,1,40.67237854,14.72821999,4900
"lounge",51,14,15384,1,45.51256943,10.32901001,10850
"pop",51,70,40000,1,45.5320015,9.28153038,7300
"pop",51,40,58497,1,41.90322113,12.49565029,8900
"pop",51,139,156000,3,45.67483902,9.687859535,4250
"lounge",51,63,49000,3,45.35776901,9.612210274,7800
"lounge",51,13,14877,3,45.46580124,8.88640976,9980
"lounge",51,12,17642,3,38.12207031,13.36112022,11000
"pop",51,35,65415,3,41.10787964,14.20880985,7900
"sport",62,99,67000,1,40.96617889,17.11647987,7500
"lounge",51,69,61400,1,41.90322113,12.49565029,7990
"pop",51,35,74000,1,41.80591965,13.05401993,8900
"lounge",51,23,22000,1,44.71540833,11.30830002,10900
"lounge",51,102,119767,1,43.25386047,11.81614971,5800
"lounge",51,23,10800,1,41.02598953,14.46444035,9850
"lounge",51,13,18631,1,45.51256943,10.32901001,10850
"lounge",51,133,135000,1,41.90322113,12.49565029,5490
"lounge",51,14,20900,1,45.53868866,9.928310394,10500
"lounge",51,15,15324,1,45.81275177,9.224140167,10500
"lounge",51,13,19286,1,45.46580124,8.88640976,9980
"lounge",51,22,32156,1,41.10787964,14.20880985,10900
"lounge",51,41,11000,1,45.06967926,7.704919815,9990
"lounge",51,35,66000,1,43.34375,11.92121029,9000
"pop",51,130,148700,1,41.12586975,16.86665916,4900
"pop",51,82,99510,1,44.50883865,11.46907997,6500
"pop",51,23,37950,1,41.77008057,12.22710991,7950
"lounge",51,15,12600,1,44.90443039,8.199939728,10200
"lounge",51,13,21886,1,45.51256943,10.32901001,10850
"pop",51,128,60000,1,45.62141037,12.45398998,4900
"lounge",51,75,50400,1,44.90724182,8.611559868,7900
"lounge",51,34,69900,1,42.14385986,12.54016018,9750
"lounge",51,110,133000,1,41.29956055,13.03258991,5400
"lounge",51,13,15465,1,45.46580124,8.88640976,9980
"pop",51,26,48461,1,41.10787964,14.20880985,8500
"lounge",51,130,136000,1,41.15206146,15.08308983,4990
"lounge",74,142,170000,1,45.55812073,9.213609695,4600
"lounge",51,36,37000,1,45.5501709,12.07188034,9300
"lounge",51,12,15206,1,45.51256943,10.32901001,10850
"lounge",51,132,83000,1,45.83068848,12.03334045,5490
"lounge",51,12,15000,1,44.29430008,9.674440384,10500
"lounge",51,25,24700,1,42.14385986,12.54016018,9450
"lounge",51,27,17600,1,44.76641846,8.705599785,10500
"lounge",51,15,16043,1,45.46580124,8.88640976,9980
"pop",51,12,5870,1,45.46796036,9.181779861,10999
"lounge",51,14,16783,1,41.90322113,12.49565029,9100
"lounge",51,147,108400,1,46.17649841,9.903670311,6200
"lounge",51,114,78000,1,40.92850113,14.20366955,6000
"lounge",51,23,42290,1,45.02238846,7.586019993,8400
"lounge",51,26,37819,1,45.70724869,11.4776001,9700
"lounge",51,13,17034,1,45.51256943,10.32901001,10950
"lounge",51,126,100000,1,45.4054718,10.27828979,5200
"lounge",51,12,14000,1,44.29430008,9.674440384,10500
"lounge",51,38,40700,1,42.14385986,12.54016018,8750
"pop",51,50,37500,1,45.5320015,9.28153038,8290
"lounge",51,15,26526,1,45.46580124,8.88640976,9980
"lounge",51,14,12275,1,41.90322113,12.49565029,9100
"lounge",51,23,37083,1,40.46537018,17.25053978,9000
"lounge",51,73,60000,1,45.31705856,8.858699799,7700
"pop",51,77,95000,1,45.33407974,11.37687016,7900
"lounge",51,121,71000,1,40.92850113,14.20366955,6000
"lounge",51,36,55851,1,41.90322113,12.49565029,7100
"lounge",51,41,22686,1,41.90322113,12.49565029,9390
"lounge",51,14,20917,1,45.51256943,10.32901001,10850
"lounge",51,131,102932,2,45.6095314,10.20856953,5999
"lounge",51,12,15000,2,44.29430008,9.674440384,10500
"lounge",51,13,22775,2,45.46580124,8.88640976,9980
"lounge",51,13,11997,2,45.46796036,9.181779861,9999
"lounge",51,25,29000,2,45.76464844,8.99450016,10500
"pop",51,38,29000,2,43.78237152,11.25498962,10900
"lounge",51,27,21877,2,46.17649841,9.903670311,10800
"lounge",51,23,19934,2,45.13325882,7.632730007,8999
"lounge",51,135,138000,1,45.5501709,12.07188034,5200
"lounge",51,15,11314,1,45.55812073,9.213609695,10900
"lounge",51,14,17375,1,45.20227814,10.79292965,10950
"pop",51,35,52125,1,44.41175842,12.2040596,8900
"lounge",51,12,18000,1,44.29430008,9.674440384,10500
"lounge",51,84,81247,1,45.28242111,9.931300163,7500
"lounge",51,90,90000,1,44.79853058,10.34022045,6200
"sport",51,123,68833,1,44.92488098,7.330989838,5490
"pop",51,110,85500,1,45.46796036,9.181779861,5699
"lounge",51,26,35000,1,45.76464844,8.99450016,10500
"lounge",51,76,80000,1,40.92850113,14.20366955,6990
"lounge",51,25,36448,1,40.75220871,14.45341015,8579
"sport",51,66,125000,1,45.19305038,9.15130043,6350
"pop",51,91,72000,1,44.13837051,12.23882008,7800
"lounge",51,50,46980,1,45.74602127,9.049969673,8600
"lounge",51,13,16523,1,45.20227814,10.79292965,10850
"pop",51,76,19500,1,44.50482178,11.34517956,7900
"lounge",51,12,17000,1,44.29430008,9.674440384,10500
"lounge",51,74,87000,1,45.06967926,7.704919815,5990
"lounge",51,19,32057,1,40.9952507,17.21916008,9600
"pop",51,12,11203,1,45.05659866,9.701760292,9900
"lounge",51,117,128000,2,45.50944901,9.088700294,4990
"pop",51,70,90000,1,41.90322113,12.49565029,6500
"lounge",51,24,33665,1,40.75220871,14.45341015,9979
"lounge",51,125,78000,1,45.59614944,8.915809631,6600
"lounge",51,23,13100,1,43.06753159,12.55154991,10500
"lounge",51,36,64944,1,41.90322113,12.49565029,7100
"pop",51,86,122000,1,45.66228104,9.631299973,5900
"lounge",51,13,18877,1,45.20227814,10.79292965,10850
"lounge",51,50,55886,1,40.85889816,14.35719013,8500
"lounge",51,12,19000,1,44.29430008,9.674440384,10500
"pop",51,13,17500,1,42.10467911,14.70598984,9800
"lounge",51,26,17200,1,45.64250183,12.16362,9800
"lounge",51,19,32057,1,44.50482178,11.34517956,9600
"lounge",51,33,22376,1,41.90322113,12.49565029,10900
"pop",77,74,52000,2,45.50944901,9.088700294,8500
"pop",51,61,75000,2,45.64123917,11.55618,9999
"lounge",51,24,33280,2,40.75220871,14.45341015,9980
"lounge",51,23,23900,1,45.50442123,12.03608036,9800
"pop",51,23,40000,1,45.77859116,8.946249962,8000
"lounge",51,36,57262,1,41.90322113,12.49565029,7100
"lounge",51,25,12816,1,45.81275177,9.224140167,10300
"lounge",51,13,15003,1,45.20227814,10.79292965,10850
"lounge",51,80,81631,1,45.82556152,12.20979023,7400
"lounge",51,12,17000,1,44.29430008,9.674440384,10500
"pop",51,12,18818,1,45.02238846,7.586019993,8990
"lounge",51,27,10800,1,45.64250183,12.16362,9800
"lounge",51,19,32057,1,43.78237152,11.25498962,9600
"lounge",51,34,69900,1,41.90322113,12.49565029,9750
"lounge",51,107,155000,1,43.33272171,11.71932983,6500
"lounge",51,25,36448,1,41.80298996,12.59893036,8580
"lounge",62,63,36000,1,45.70059967,9.2084198,9900
"pop",51,71,117183,1,44.05541992,12.57003975,6000
"lounge",62,75,69000,1,46.16872025,12.70748997,7800
"lounge",51,15,14000,1,40.8401413,14.25226021,9499
"lounge",51,52,29064,1,45.51256943,10.32901001,9500
"lounge",51,25,41783,1,43.78237152,11.25498962,9450
"lounge",51,12,16000,1,44.29430008,9.674440384,10500
"lounge",51,15,13900,1,44.06312943,12.44701004,10900
"lounge",51,22,16000,1,44.55202866,7.725810051,10450
"lounge",51,19,32057,1,40.82139969,14.12238026,9600
"lounge",51,50,19446,1,45.59614944,8.915809631,10600
"sport",51,113,147448,1,45.32001114,10.57859039,4990
"lounge",51,36,15000,1,44.99895096,9.103429794,9490
"lounge",51,24,33665,1,41.80298996,12.59893036,9980
"lounge",51,13,13988,1,45.35438919,11.86925983,10500
"lounge",51,15,18400,1,44.06312943,12.44701004,10900
"lounge",51,22,18560,1,45.81275177,9.224140167,10300
"lounge",51,13,16218,1,45.51256943,10.32901001,10850
"lounge",51,26,40298,1,43.78237152,11.25498962,9450
"lounge",51,12,15000,1,44.29430008,9.674440384,10500
"lounge",51,15,19900,1,44.06312943,12.44701004,10900
"lounge",51,37,13000,1,45.76464844,8.99450016,9500
"lounge",51,19,32057,1,38.12207031,13.36112022,9600
"lounge",51,50,21381,1,45.59614944,8.915809631,10600
"lounge",51,26,17708,1,41.90322113,12.49565029,8100
"lounge",51,23,18000,1,44.99895096,9.103429794,10590
"lounge",51,24,33665,1,41.80298996,12.59893036,9980
"lounge",51,144,125000,1,40.83581161,14.50440979,4690
"lounge",51,15,17600,1,44.06312943,12.44701004,10900
"pop",51,78,110000,1,44.69559097,10.64124966,6599
"lounge",51,83,95000,1,36.85583878,14.76047039,7500
"lounge",51,13,15075,1,45.51256943,10.32901001,10850
"lounge",51,26,45381,1,43.78237152,11.25498962,9450
"pop",51,25,18600,1,41.29956055,13.03258991,10600
"lounge",51,15,10500,1,44.06312943,12.44701004,10900
"lounge",51,83,114000,1,45.51205063,10.42700958,7950
"lounge",51,19,32057,1,45.00674057,8.924189568,9600
"lounge",51,26,15478,1,45.06967926,7.704919815,9900
"lounge",51,61,81042,1,40.74824142,14.52834988,8990
"sport",74,142,170000,1,45.55812073,9.213609695,4900
"lounge",51,25,36448,1,45.5712204,9.159139633,8980
"lounge",51,110,72000,1,45.7832489,12.48812008,6900
"lounge",51,15,24500,1,44.06312943,12.44701004,10900
"lounge",51,123,50432,1,45.06967926,7.704919815,6200
"pop",51,62,119000,1,40.85889816,14.35719013,7490
"lounge",51,14,16562,1,45.51256943,10.32901001,10950
"lounge",51,26,38974,1,43.78237152,11.25498962,9450
"lounge",51,117,82000,1,45.50054932,9.326600075,5900
"lounge",51,76,56600,3,45.13167191,8.449170113,7950
"lounge",51,23,22794,3,41.10787964,14.20880985,9600
"lounge",51,19,32057,1,39.21453857,9.110489845,9600
"lounge",51,26,18156,1,40.67348099,14.77124977,10500
"pop",51,132,95156,1,45.0007019,7.68227005,5900
"lounge",51,132,113000,1,40.91917038,14.15332031,4400
"lounge",51,24,29830,1,45.5712204,9.159139633,9980
"lounge",51,15,14800,1,44.06312943,12.44701004,10900
"lounge",51,23,17000,1,45.60689163,9.306619644,9900
"lounge",51,69,82000,1,45.14241028,10.01521015,6700
"lounge",51,13,15628,1,45.51256943,10.32901001,10850
"lounge",51,26,39865,1,43.78237152,11.25498962,9450
"pop",51,76,106500,1,45.50329971,11.41784,6800
"lounge",51,25,15800,1,45.64250183,12.16362,9800
"sport",51,130,38000,1,45.58409119,9.270959854,5490
"lounge",51,25,12161,1,37.51858139,15.00710964,10800
"pop",51,75,69159,1,41.90322113,12.49565029,9200
"pop",51,68,57000,1,45.46796036,9.181779861,7900
"lounge",51,24,36303,1,45.5712204,9.159139633,9980
"lounge",51,15,11700,1,44.06312943,12.44701004,10900
"lounge",51,19,21500,1,43.96585083,12.60208035,9500
"lounge",51,24,25900,1,45.06967926,7.704919815,8850
"lounge",51,14,17375,1,45.51256943,10.32901001,10950
"lounge",51,26,46620,1,43.78237152,11.25498962,9450
"lounge",51,138,97000,1,45.40943909,11.87170982,4700
"pop",51,33,60879,1,45.58409119,9.270959854,8350
"pop",51,21,30000,1,45.06967926,7.704919815,8900
"lounge",51,14,18276,1,38.31806946,16.39489937,11000
"lounge",51,115,38431,1,41.90322113,12.49565029,7500
"lounge",51,101,103000,1,45.46796036,9.181779861,6900
"pop",51,60,47000,2,40.40106964,15.59286976,6990
"lounge",51,15,17000,2,44.06312943,12.44701004,10900
"pop",51,105,120000,2,40.17470169,18.16762924,7900
"sport",51,126,129892,2,45.06967926,7.704919815,4490
"lounge",51,13,18877,2,45.51256943,10.32901001,10850
"lounge",51,26,41572,2,43.78237152,11.25498962,9450
"pop",51,29,24626,1,45.54444122,10.32971954,8990
"lounge",51,49,50400,1,43.06753159,12.55154991,9500
"lounge",51,14,20636,1,45.35776901,9.612210274,10650
"lounge",51,107,100000,2,40.82139969,14.12238026,6490
"lounge",51,69,18205,2,41.90322113,12.49565029,9700
"pop",51,59,39000,1,40.6095314,14.98093033,7999
"pop",51,22,9000,1,44.98873901,9.010499954,11090
"lounge",51,15,29850,1,44.06312943,12.44701004,10900
"lounge",51,133,104300,1,44.90724182,8.611559868,6800
"lounge",51,15,13375,1,41.90322113,12.49565029,10800
"lounge",51,13,15003,1,45.51256943,10.32901001,10850
"pop",51,26,38718,1,43.78237152,11.25498962,10450
"lounge",51,13,17488,1,40.96757126,14.20794964,10200
"lounge",51,14,24281,1,45.43811035,12.31814957,10800
"lounge",51,23,25076,1,45.51256943,10.32901001,10450
"lounge",51,83,25191,1,41.90322113,12.49565029,8800
"lounge",51,38,38197,1,41.90322113,12.49565029,8899
"pop",51,48,87066,1,44.50883865,11.46907997,7450
"lounge",51,15,21200,1,44.06312943,12.44701004,10900
"lounge",51,111,25800,1,41.46273041,12.90528011,7400
"lounge",51,15,11186,1,41.90322113,12.49565029,10800
"lounge",51,23,45550,1,41.77008057,12.22710991,9590
"lounge",51,22,21971,1,43.78237152,11.25498962,9450
"lounge",51,26,42000,1,45.06967926,7.704919815,8900
"lounge",51,25,20000,1,45.21540833,7.633669853,9800
"lounge",51,16,56779,1,45.40943909,11.87170982,10500
"pop",51,115,80320,1,41.90322113,12.49565029,7000
"lounge",51,99,143000,1,45.73326111,8.453169823,6500
"lounge",51,25,19600,1,45.53868866,9.928310394,9800
"pop",51,12,15626,1,45.02238846,7.586019993,8990
"pop",51,74,90000,2,45.78366852,8.967240334,6400
"lounge",51,15,11569,1,41.90322113,12.49565029,10800
"pop",51,24,19675,1,45.35438919,11.86925983,9000
"lounge",51,56,65000,1,45.46350098,9.913140297,6900
"pop",51,61,33000,1,45.61695862,9.422280312,9800
"lounge",51,49,64600,1,45.49222946,12.1016798,8300
"lounge",51,23,27000,1,45.60689163,9.306619644,9700
"lounge",51,14,18443,1,43.23400116,12.78215027,10800
"lounge",51,14,3600,1,40.69556046,14.48085022,9490
"lounge",51,117,80646,1,41.90322113,12.49565029,6800
"lounge",51,86,45000,1,45.53725052,9.371049881,7950
"lounge",51,86,56400,1,45.7832489,12.48812008,6900
"lounge",51,14,13111,1,45.02238846,7.586019993,9990
"sport",51,17,43000,1,45.53659058,10.23204041,10800
"lounge",51,95,104000,1,45.70059967,9.088769913,6800
"lounge",51,25,20000,1,43.95793152,11.38619041,9400
"lounge",51,22,19956,1,45.43811035,12.31814957,9800
"pop",51,37,80858,1,41.10787964,14.20880985,7900
"lounge",51,72,105000,1,45.52046967,10.8868103,8500
"pop",51,96,31350,1,43.78451157,10.92465973,6500
"sport",51,20,35000,1,45.65016174,9.205189705,10500
"lounge",51,31,25006,1,45.60054016,7.796450138,10900
"lounge",62,99,101417,1,41.90322113,12.49565029,7900
"lounge",51,149,124000,1,45.06967926,7.704919815,4450
"lounge",51,36,63500,1,46.79201889,11.98031998,9900
"lounge",51,70,44659,1,38.12207031,13.36112022,8900
"pop",51,143,104000,1,45.63330841,9.587340355,4300
"lounge",51,47,68000,1,45.42092133,8.940649986,8800
"pop",51,42,27970,1,45.31705856,8.858699799,9400
"lounge",51,104,72185,1,45.76396942,9.106980324,6500
"lounge",51,26,24000,1,45.43811035,12.31814957,9800
"lounge",51,12,15951,1,45.06967926,7.704919815,9900
"lounge",51,59,44000,1,45.52672958,10.83778954,10900
"lounge",51,127,72000,1,45.67340088,9.926890373,7800
"lounge",51,122,149000,1,45.6563797,9.50508976,5490
"lounge",51,109,51034,1,41.90322113,12.49565029,8300
"lounge",51,26,16000,1,40.85470963,14.37921047,10500
"lounge",74,153,135000,1,40.83581161,14.50440979,4490
"lounge",51,19,12982,1,45.46796036,9.181779861,10800
"lounge",51,28,38020,1,45.46796036,9.181779861,9490
"pop",51,12,19000,1,45.49541855,12.15649033,10490
"sport",51,62,107500,1,45.53371811,9.231049538,8500
"lounge",51,26,19133,1,45.74602127,9.049969673,9850
"lounge",51,24,19371,1,45.43811035,12.31814957,9800
"pop",51,30,20000,1,40.92850113,14.20366955,8499
"lounge",62,74,67000,1,45.46796036,9.181779861,7400
"lounge",51,26,31657,1,41.90322113,12.49565029,10200
"lounge",51,38,55000,1,40.65832138,17.70716095,8400
"lounge",51,119,109000,1,45.6563797,9.50508976,5990
"lounge",51,78,86500,1,44.38822174,7.54832983,9300
"lounge",51,25,17800,1,40.85470963,14.37921047,10500
"lounge",51,146,77918,1,45.06967926,7.704919815,5500
"lounge",51,119,87166,1,44.39997101,8.274499893,5600
"pop",51,22,17000,1,45.36412811,11.9360199,10499
"pop",51,12,19000,1,45.49541855,12.15649033,8990
"pop",51,35,65000,1,45.55258942,10.77200985,8300
"lounge",51,73,58000,1,40.88721848,14.71391964,6500
"pop",51,12,11236,1,45.43811035,12.31814957,9800
"pop",51,77,97000,1,40.92850113,14.20366955,5999
"lounge",51,21,39038,1,41.99634933,12.72344017,9800
"lounge",51,12,19112,1,41.90322113,12.49565029,10900
"lounge",51,72,78000,1,45.59859848,9.164039612,7990
"pop",51,37,36495,1,41.90322113,12.49565029,9480
"pop",51,94,80000,1,40.85470963,14.37921047,7500
"lounge",51,88,122000,1,41.11426163,16.48571014,5850
"sport",51,107,120000,1,46.03120041,9.208310127,5300
"lounge",51,15,23000,1,40.8401413,14.25226021,9499
"lounge",51,35,59961,1,41.80298996,12.59893036,7480
"pop",51,78,73000,1,45.43811035,12.31814957,8900
"lounge",51,13,11997,1,43.78237152,11.25498962,9999
"lounge",51,21,40438,1,41.99634933,12.72344017,9800
"lounge",51,98,36000,1,44.90724182,8.611559868,7500
"lounge",74,153,118000,1,37.72546005,15.1842804,5500
"lounge",73,150,120300,1,40.50030136,17.38249969,4900
"sport",51,107,98660,1,40.74824142,14.52834988,6290
"lounge",51,24,33665,1,41.90322113,12.49565029,9980
"pop",51,39,19000,1,41.11426163,16.48571014,8450
"lounge",51,61,55476,1,43.87985992,10.78281021,8990
"lounge",51,14,13900,1,41.90322113,12.49565029,9970
"lounge",51,35,59961,1,41.90322113,12.49565029,7480
"pop",51,88,75000,1,45.43811035,12.31814957,6800
"pop",51,110,85500,1,43.78237152,11.25498962,5699
"lounge",51,90,85366,1,45.69522858,9.669509888,7400
"sport",73,153,119000,1,44.83839035,11.61944008,4299
"pop",51,142,120000,1,40.73484039,14.57341957,4399
"lounge",51,129,117000,1,37.72546005,15.1842804,5500
"lounge",51,26,15716,1,45.13325882,7.632730007,10790
"pop",51,67,57039,1,40.74824142,14.52834988,7590
"lounge",51,24,36303,1,41.90322113,12.49565029,9980
"lounge",51,22,29181,1,44.28387833,11.88813972,9790
"lounge",51,49,46600,1,45.71659088,9.708080292,10600
"lounge",51,24,19800,1,40.80760956,14.50251007,9899
"lounge",51,14,17900,1,41.90322113,12.49565029,9970
"lounge",51,106,70751,1,41.90322113,12.49565029,5900
"lounge",51,13,20450,1,45.43811035,12.31814957,10800
"pop",51,17,11000,1,40.92314148,14.3100996,10500
"pop",51,76,75000,1,45.62813187,9.045459747,7400
"pop",51,47,38800,1,44.90724182,8.611559868,7800
"lounge",51,63,54250,1,41.63029099,15.92329025,6900
"pop",51,23,41000,1,44.75260925,8.155280113,9500
"lounge",51,22,28000,1,45.05659866,9.701760292,10200
"lounge",51,18,14181,1,40.74824142,14.52834988,9840
"lounge",51,23,14000,1,44.98873901,9.010499954,9790
"lounge",51,27,33224,1,45.59859848,9.164039612,9890
"pop",77,80,28000,1,45.95497131,12.8429203,7999
"lounge",51,24,15150,1,45.6563797,9.50508976,10300
"lounge",51,83,113396,1,45.63243103,8.888850212,6800
"lounge",51,106,46000,1,41.99634933,12.72344017,6300
"lounge",51,118,104000,1,45.05659866,9.701760292,6500
"lounge",51,145,109381,1,43.81702042,10.68284988,5800
"lounge",51,110,148000,1,41.90322113,12.49565029,5400
"lounge",62,101,61000,1,45.51815033,10.35066986,8450
"pop",51,77,39900,1,45.51256943,10.32901001,7900
"lounge",51,25,17000,1,45.05659866,9.701760292,9900
"lounge",62,110,70340,1,40.74824142,14.52834988,6990
"pop",62,26,44000,1,41.77008057,12.22710991,8800
"lounge",51,20,21000,1,44.71540833,11.30830002,10900
"lounge",51,27,25922,1,45.59859848,9.164039612,9890
"pop",51,27,6700,1,42.45336914,14.14037991,8900
"lounge",51,23,20968,1,39.21453857,9.110489845,10500
"lounge",51,99,80000,1,41.90322113,12.49565029,6500
"sport",51,143,119000,1,45.04724121,9.128809929,5200
"pop",51,78,54198,1,45.31200027,9.497010231,7800
"lounge",51,13,21276,1,45.35776901,9.612210274,10850
"lounge",51,149,41500,1,45.06967926,7.704919815,4790
"pop",51,142,76000,1,45.85166168,9.391869545,5500
"pop",62,49,79000,1,43.89894867,11.00205994,8000
"lounge",62,98,126003,1,45.06967926,7.704919815,5950
"lounge",51,49,22404,1,40.74824142,14.52834988,8990
"lounge",51,28,53742,1,44.28387833,11.88813972,9290
"lounge",51,20,21000,1,44.71540833,11.30830002,10900
"lounge",51,27,33725,1,45.59859848,9.164039612,9890
"pop",51,22,22000,1,45.05659866,9.701760292,10490
"lounge",51,50,28760,1,45.69115829,9.478070259,10300
"pop",51,142,135000,1,41.90322113,12.49565029,4800
"sport",51,121,137344,1,38.11273956,15.65174961,5500
"lounge",51,14,21248,1,41.90322113,12.49565029,10500
"lounge",51,12,20451,1,45.35776901,9.612210274,10850
"lounge",51,36,28400,1,44.13837051,12.23882008,9900
"lounge",51,106,95554,1,45.06967926,7.704919815,5900
"sport",73,141,166716,1,43.55290985,10.31997967,4790
"lounge",51,25,39000,1,45.05659866,9.701760292,10200
"pop",51,136,35151,1,40.8401413,14.25226021,6699
"lounge",51,22,37020,1,41.10787964,14.20880985,10900
"lounge",51,20,21000,1,44.71540833,11.30830002,10900
"lounge",51,27,30112,1,45.59859848,9.164039612,9890
"pop",51,24,25000,1,45.05659866,9.701760292,10490
"lounge",51,49,23016,1,45.13167191,8.449170113,10000
"lounge",51,29,56779,1,41.90322113,12.49565029,10000
"lounge",51,69,29897,1,40.92649078,14.4764204,8200
"lounge",51,14,15784,1,41.90322113,12.49565029,10800
"lounge",51,12,14366,1,45.35776901,9.612210274,10850
"pop",51,91,72784,1,40.79727173,14.54360962,9890
"lounge",51,87,50000,1,43.78237152,11.25498962,6900
"lounge",51,30,29000,1,45.77859116,8.946249962,8500
"sport",73,145,104269,2,40.40106964,15.59286976,4999
"lounge",62,95,99518,2,45.46796036,9.181779861,7990
"lounge",51,94,23500,2,45.40943909,11.87170982,8200
"lounge",51,25,21000,1,44.71540833,11.30830002,10900
"pop",51,22,17000,1,45.64250183,12.16362,10499
"lounge",51,16,17800,1,45.35152817,10.84409046,11100
"lounge",51,25,18609,1,41.57223892,13.33368969,10250
"pop",51,23,39700,1,41.90322113,12.49565029,8800
"pop",51,120,85000,1,45.60697174,9.629229546,4990
"lounge",51,14,15350,1,41.90322113,12.49565029,10800
"lounge",51,13,19296,1,45.35776901,9.612210274,10950
"lounge",51,25,28200,1,45.33407974,11.37687016,10250
"lounge",51,121,132000,1,44.54637146,7.54008007,5900
"pop",51,19,17000,1,41.7690506,12.66281033,10500
"pop",51,31,35481,1,45.58409119,9.270959854,8650
"lounge",51,25,20900,1,44.90443039,8.199939728,10550
"lounge",51,124,149000,1,45.95497131,12.8429203,5499
"lounge",51,24,19244,1,45.59614944,8.915809631,10200
"pop",51,22,17000,1,45.43811035,12.31814957,10499
"pop",51,23,25800,1,41.90322113,12.49565029,8900
"lounge",51,22,19746,1,41.57223892,13.33368969,10950
"lounge",51,15,12872,1,41.90322113,12.49565029,10800
"pop",51,59,23400,1,45.66292953,11.60243034,7800
"lounge",51,14,15817,1,41.90322113,12.49565029,10800
"lounge",51,13,18575,1,45.35776901,9.612210274,10950
"lounge",51,105,51083,1,45.5712204,9.159139633,5880
"lounge",51,71,56900,1,45.88607025,13.29117012,7200
"lounge",74,150,78000,1,45.46796036,9.181779861,5800
"pop",51,131,103000,1,45.53266144,9.038920403,5700
"pop",51,76,106905,1,45.32001114,10.57859039,6990
"pop",51,118,149000,1,45.44424057,8.987319946,4299
"lounge",51,23,27100,1,41.90322113,12.49565029,10300
"lounge",51,14,21459,1,41.57223892,13.33368969,10950
"lounge",51,15,10320,1,41.90322113,12.49565029,10800
"lounge",51,68,85134,1,45.06967926,7.704919815,6900
"lounge",51,13,16087,1,41.90322113,12.49565029,10800
"lounge",51,13,18740,1,45.35776901,9.612210274,10950
"lounge",51,105,51083,1,45.5712204,9.159139633,5880
"pop",51,26,25000,1,42.46390915,14.21354008,9900
"lounge",51,113,124000,1,45.6563797,9.50508976,5990
"lounge",51,82,83000,1,41.11426163,16.48571014,6900
"lounge",51,121,97000,1,45.95497131,12.8429203,6500
"lounge",51,25,22020,1,46.07004929,11.11925983,9900
"lounge",51,15,17253,1,45.77669144,9.065250397,9890
"pop",51,67,82990,1,45.46796036,9.181779861,7990
"pop",51,12,16380,1,40.92649078,14.4764204,9950
"lounge",51,25,17484,1,45.5200386,9.757160187,9900
"lounge",51,54,120000,1,45.21854019,12.27838993,6499
"lounge",51,79,100000,1,45.73284912,11.78989029,6700
"lounge",51,14,14403,1,41.90322113,12.49565029,10800
"lounge",51,14,23638,1,45.35776901,9.612210274,10650
"lounge",51,26,28070,1,41.90322113,12.49565029,8650
"lounge",51,44,39000,1,45.6095314,10.20856953,10450
"pop",51,136,98405,1,40.91917038,14.15332031,4490
"pop",51,30,7500,1,39.21453857,9.110489845,10500
"lounge",51,115,95000,1,45.98527908,13.19664383,6999
"lounge",51,15,21000,1,45.74602127,9.049969673,10900
"lounge",51,25,22760,1,40.82139969,14.12238026,9790
"lounge",51,83,136626,1,41.64091873,13.35050011,7000
"lounge",51,20,8377,1,45.61869812,8.947460175,10870
"lounge",51,25,12337,1,43.78237152,11.25498962,10700
"pop",51,34,64000,1,46.45465851,11.26266003,8250
"lounge",74,151,121000,1,43.06753159,12.55154991,5500
"lounge",74,14,18822,1,41.90322113,12.49565029,10500
"pop",51,32,12500,1,39.21453857,9.110489845,10500
"sport",51,121,124490,2,45.53266144,9.038920403,4790
"lounge",51,36,57000,2,45.46796036,9.181779861,7900
"lounge",51,142,83000,2,41.20460129,16.59963989,5600
"lounge",51,73,117000,2,39.21453857,9.110489845,7900
"pop",51,33,15000,2,41.90322113,12.49565029,11000
"lounge",51,21,23951,2,44.28387833,11.88813972,9790
"pop",51,35,46000,2,45.00690079,7.541729927,8450
"lounge",51,27,17185,1,38.12207031,13.36112022,10500
"lounge",51,23,20216,1,44.38822174,7.54832983,10500
"pop",51,61,33000,1,45.60868835,9.269809723,9800
"lounge",51,14,11416,1,41.90322113,12.49565029,11000
"lounge",51,101,116000,1,45.4790802,8.819459915,5800
"lounge",51,74,117000,1,40.83581161,14.50440979,6500
"pop",51,147,56779,1,45.07107925,7.464029789,4490
"pop",51,26,40000,1,40.74029922,14.66654968,8700
"sport",62,113,86000,1,39.21453857,9.110489845,7500
"pop",73,118,65000,1,40.92850113,14.20366955,6500
"pop",51,134,125000,1,43.75807953,11.18465996,4900
"lounge",51,15,17253,1,45.43610001,8.887869835,9890
"sport",51,26,30000,1,45.06967926,7.704919815,10690
"lounge",51,96,60600,1,44.50482178,11.34517956,9500
"lounge",51,14,17770,1,41.40813828,13.76593971,10790
"lounge",51,132,102841,1,38.22293854,15.38008976,6000
"pop",51,16,12811,1,45.77899933,12.99709034,9900
"lounge",51,14,7778,1,41.90322113,12.49565029,11000
"lounge",51,124,119000,1,45.4790802,8.819459915,4800
"lounge",51,118,111000,1,44.41038895,8.938980103,5499
"pop",51,35,29176,1,40.73484039,14.57341957,7950
"lounge",62,106,79000,1,40.96617889,17.11647987,8500
"lounge",51,130,117000,1,39.21453857,9.110489845,8500
"pop",51,86,99999,1,45.68421173,12.37557983,7500
"pop",51,105,98000,1,45.43811035,12.31814957,5900
"lounge",51,25,25100,1,44.09373856,12.39601994,10900
"lounge",51,85,52000,1,44.55202866,7.725810051,7450
"lounge",51,22,33000,1,41.90322113,12.49565029,10470
"pop",51,12,21000,1,45.58409119,9.270959854,9900
"lounge",51,21,37428,1,41.10787964,14.20880985,9400
"pop",51,130,95200,1,43.78237152,11.25498962,5300
"lounge",51,97,121000,1,41.8230896,12.80220985,7495
"lounge",51,137,100000,1,40.86045837,14.52779961,4300
"sport",51,85,51000,1,45.53659058,10.23204041,7900
"lounge",51,25,17000,1,44.55202866,7.725810051,9850
"pop",51,46,25315,1,45.06967926,7.704919815,8200
"lounge",62,101,129000,1,45.07014847,11.78954983,5799
"pop",51,45,91743,1,44.50883865,11.46907997,7450
"lounge",51,145,140000,1,44.09373856,12.39601994,5500
"lounge",51,22,40000,1,41.90322113,12.49565029,9970
"lounge",51,14,19201,1,40.63722992,15.7992897,10800
"pop",51,58,45000,1,45.43830109,10.99170017,8000
"lounge",51,22,32717,1,41.10787964,14.20880985,9400
"lounge",51,13,14994,1,45.35776901,9.612210274,10950
"lounge",51,72,86500,1,45.56373978,9.97453022,6800
"sport",51,106,66000,1,41.07221985,14.02285004,5800
"lounge",51,25,60000,2,45.32001114,10.57859039,9400
"lounge",51,27,19000,2,44.55202866,7.725810051,10050
"lounge",51,74,62061,2,45.06967926,7.704919815,7400
"lounge",51,15,19834,1,41.90322113,12.49565029,9100
"pop",51,144,30000,1,45.55812073,9.213609695,6900
"lounge",51,61,64000,1,43.78237152,11.25498962,7700
"lounge",51,22,33000,1,41.90322113,12.49565029,10470
"lounge",51,26,33232,1,42.94897842,13.87775993,9900
"lounge",51,23,20300,1,45.68825912,8.731450081,10700
"lounge",51,23,32633,1,41.10787964,14.20880985,8900
"lounge",51,107,49204,1,43.78451157,10.92465973,6900
"lounge",51,93,26000,1,44.69559097,10.64124966,7450
"lounge",51,72,86500,1,45.49134827,10.21743965,6800
"lounge",51,24,23000,1,44.13837051,12.23882008,9950
"sport",51,115,60000,2,45.32001114,10.57859039,6900
"lounge",51,25,16000,2,44.55202866,7.725810051,9850
"pop",51,12,10295,1,41.90322113,12.49565029,10100
"lounge",51,15,13238,1,41.90322113,12.49565029,9100
"lounge",51,23,28975,1,45.35438919,11.86925983,9700
"lounge",51,23,19000,1,40.67237854,14.72821999,9999
"pop",51,24,42990,1,44.50883865,11.46907997,9300
"lounge",51,14,20066,1,45.72071838,7.321430206,10950
"lounge",51,26,18840,1,41.90322113,12.49565029,8900
"lounge",51,21,38722,1,41.10787964,14.20880985,8900
"sport",62,100,98000,1,45.70610046,11.80737019,6000
"lounge",51,119,99000,1,44.29430008,9.674440384,5800
"pop",51,66,73000,1,41.72117996,12.67368031,8700
"lounge",51,111,130000,1,45.74349976,11.65355968,6100
"lounge",51,28,37657,1,43.20687866,13.28464031,10400
"pop",51,150,86000,1,45.06967926,7.704919815,5450
"lounge",51,83,58247,1,45.06967926,7.704919815,8500
"lounge",51,26,34963,1,45.70724869,11.4776001,9700
"lounge",51,131,31487,1,45.32001114,10.57859039,5900
"lounge",51,37,37000,1,40.67237854,14.72821999,10500
"lounge",51,72,69000,1,41.90322113,12.49565029,7500
"lounge",51,26,30365,1,41.90322113,12.49565029,8650
"lounge",51,21,35983,1,41.10787964,14.20880985,9400
"pop",51,87,62000,1,41.90322113,12.49565029,6500
"sport",62,97,102800,1,45.0007019,7.68227005,6600
"lounge",51,26,29220,1,41.90322113,12.49565029,8650
"lounge",51,43,31750,1,43.20687866,13.28464031,9800
"pop",51,24,47725,1,44.00579071,12.65631962,10350
"lounge",51,50,27206,1,45.28242111,9.931300163,9950
"lounge",51,23,20000,1,45.64250183,12.16362,9800
"pop",51,82,89000,1,40.66714096,16.60445023,8800
"lounge",51,26,28191,1,43.52902985,12.16218376,9490
"lounge",51,74,73453,4,45.06312943,7.57679987,7300
"pop",51,12,16500,1,45.61186981,8.85474968,10500
"pop",51,12,11000,1,45.05659866,9.701760292,9900
"lounge",51,20,31801,1,41.10787964,14.20880985,9400
"lounge",51,26,47524,1,45.70724869,11.4776001,9900
"lounge",51,107,71000,1,45.50646973,8.815190315,7500
"lounge",51,12,13180,1,41.90322113,12.49565029,10100
"lounge",51,27,29560,1,41.90322113,12.49565029,10400
"pop",62,75,117000,1,45.50944901,9.088700294,7100
"pop",51,35,64700,1,45.53659058,10.23204041,8800
"lounge",51,25,33245,1,41.10787964,14.20880985,10900
"lounge",51,14,18641,1,45.70724869,11.4776001,10500
"lounge",51,46,21000,1,41.80298996,12.59893036,9590
"lounge",51,16,2790,1,45.76697922,11.73840046,10400
"lounge",51,105,85373,1,45.06312943,7.57679987,5900
"lounge",51,21,5591,1,46.01776123,11.90305996,10500
"lounge",51,58,66000,1,41.90322113,12.49565029,8900
"lounge",51,23,35098,1,41.10787964,14.20880985,8900
"lounge",51,34,33000,1,41.66950989,12.50222969,9999
"lounge",62,99,73799,1,42.74776077,13.88801956,5500
"lounge",51,141,65000,1,44.58037186,10.73155022,5000
"lounge",51,26,29395,1,41.90322113,12.49565029,8650
"pop",62,117,87000,1,44.06312943,12.44701004,3990
"lounge",51,27,28000,1,45.64572144,11.78437042,9900
"pop",51,54,41195,1,41.90322113,12.49565029,8500
"lounge",51,15,22000,1,45.96057129,8.449370384,10490
"pop",51,112,118000,1,44.09373856,12.39601994,5500
"lounge",51,27,26333,1,41.60960007,12.54716969,9800
"pop",62,95,90211,2,45.06312943,7.57679987,6800
"lounge",51,21,5591,1,45.40943909,11.87170982,10500
"lounge",51,22,35016,1,41.10787964,14.20880985,9400
"lounge",51,119,97000,1,45.46796036,9.181779861,5300
"lounge",51,88,93000,1,45.13882065,9.054120064,5900
"sport",51,110,86000,1,45.56449127,10.11561012,5999
"lounge",51,27,29370,1,41.90322113,12.49565029,10400
"lounge",51,70,79000,1,40.85470963,14.37921047,8190
"lounge",51,114,71500,1,41.46273041,12.90528011,6700
"sport",73,141,172000,1,41.90322113,12.49565029,4500
"lounge",51,25,41827,1,45.6835289,11.95294952,9500
"lounge",51,62,59800,1,45.7832489,12.48812008,7900
"lounge",62,106,152577,1,40.74824142,14.52834988,6190
"lounge",51,21,5591,1,45.92216873,12.36149979,10500
"lounge",51,22,32855,1,41.10787964,14.20880985,9400
"pop",51,31,55000,1,45.77859116,8.946249962,7500
"pop",51,49,83063,1,44.50883865,11.46907997,7450
"pop",51,12,25955,1,45.46796036,9.181779861,10390
"lounge",51,61,42000,2,41.66950989,12.50222969,8400
"lounge",51,82,60000,2,40.85470963,14.37921047,6490
"pop",51,26,45012,2,41.10787964,14.20880985,8500
"lounge",51,78,100000,1,40.92850113,14.20366955,5900
"lounge",51,25,19785,1,45.35438919,11.86925983,9500
"lounge",51,24,26521,1,42.10424042,13.60245895,10500
"lounge",51,15,21907,1,43.4397583,13.60725975,10800
"lounge",51,93,41000,1,41.15206146,15.08308983,7900
"pop",51,15,23000,1,41.90322113,12.49565029,9970
"lounge",51,23,41740,1,41.10787964,14.20880985,9400
"pop",51,35,64500,1,45.56040955,8.059780121,7900
"lounge",51,15,13716,1,45.39360046,10.48223972,10900
"pop",51,26,32130,1,37.51858139,15.00710964,10900
"pop",51,138,131000,1,45.03190994,9.241109848,4500
"pop",51,26,52274,1,41.10787964,14.20880985,8500
"lounge",51,34,40000,1,41.90322113,12.49565029,8900
"pop",51,49,91232,1,44.50883865,11.46907997,7450
"lounge",51,14,17300,1,41.20264816,13.85301018,9900
"pop",51,66,58644,1,40.74824142,14.52834988,7390
"lounge",51,126,100000,1,44.71783829,8.287130356,5200
"pop",51,13,19000,1,41.90322113,12.49565029,9970
"lounge",51,18,12000,1,43.86373901,7.853020191,9990
"lounge",51,22,43814,1,41.10787964,14.20880985,9400
"lounge",51,12,9248,1,40.82139969,14.12238026,10000
"pop",51,80,130000,1,41.77008057,12.22710991,5900
"lounge",51,25,10400,1,44.90724182,8.611559868,9900
"lounge",51,45,27512,1,45.62984848,9.155119896,9490
"sport",51,145,177000,1,46.49528122,11.35346031,5400
"lounge",51,33,47800,1,41.46273041,12.90528011,10300
"lounge",51,105,114500,1,46.07004929,11.11925983,7790
"lounge",51,58,56205,1,44.50883865,11.46907997,9300
"sport",51,122,130000,2,45.76197052,11.43605042,6000
"lounge",51,133,111498,4,45.64609909,10.49915981,6500
"sport",73,142,128000,1,45.06967926,7.704919815,4400
"pop",51,13,18000,1,41.90322113,12.49565029,9970
"lounge",51,13,17081,1,45.06967926,7.704919815,10900
"lounge",51,22,41260,1,41.10787964,14.20880985,9400
"lounge",51,12,9248,1,40.9952507,17.21916008,10000
"lounge",51,54,58243,1,45.43811035,12.31814957,9300
"lounge",51,94,84500,1,45.51256943,10.32901001,6500
"pop",51,142,132848,1,45.63243103,8.888850212,4900
"lounge",51,127,120000,1,45.50054932,9.326600075,4500
"lounge",51,23,24446,1,40.40106964,15.59286976,10399
"lounge",51,107,77000,1,39.93104172,18.36047935,6900
"pop",51,45,106074,1,44.50883865,11.46907997,7450
"sport",58,121,62000,1,45.5198288,9.365619659,5800
"lounge",51,118,83721,1,40.83581161,14.50440979,5990
"lounge",51,22,21000,1,43.71086121,10.78357983,10800
"pop",51,152,148000,1,45.35660172,9.203450203,3500
"lounge",51,49,30795,1,45.14241028,10.01521015,10700
"lounge",51,22,36832,1,41.10787964,14.20880985,8900
"lounge",51,54,47500,1,44.90724182,8.611559868,9500
"lounge",62,110,94000,1,41.90322113,12.49565029,5800
"lounge",51,139,103518,1,45.43811035,12.31814957,4500
"pop",51,72,98000,1,45.42673111,9.064720154,6900
"pop",73,153,165000,2,45.58409119,9.270959854,3600
"pop",51,94,77550,1,45.72039032,12.46597958,7100
"pop",51,49,88639,1,44.50883865,11.46907997,7450
"pop",51,25,18000,1,41.90322113,12.49565029,8399
"lounge",51,71,71000,1,41.90322113,12.49565029,6890
"lounge",51,82,75000,1,45.57373047,8.913009644,6900
"lounge",51,13,16100,1,41.90322113,12.49565029,9970
"lounge",51,53,65453,1,45.65016174,9.205189705,9900
"lounge",51,22,35804,1,41.10787964,14.20880985,8900
"lounge",51,12,9248,1,38.12207031,13.36112022,10000
"lounge",62,96,99400,1,44.64805984,7.650589943,5700
"lounge",51,13,15042,1,45.43811035,12.31814957,10800
"pop",51,90,84000,1,45.42673111,9.064720154,7300
"lounge",51,26,32000,1,41.57223892,13.33368969,9490
"lounge",51,25,36463,1,41.10787964,14.20880985,10900
"lounge",51,121,78000,1,43.55290985,10.31997967,6500
"lounge",51,66,35552,1,42.56283188,12.64220047,8900
"lounge",51,90,93000,1,45.74077988,9.581009865,8800
"lounge",51,15,9097,1,45.81475067,8.830129623,10700
"lounge",51,26,34000,1,44.98553085,7.870960236,10500
"lounge",51,26,26210,1,41.90322113,12.49565029,8750
"lounge",62,99,90000,1,45.06967926,7.704919815,7300
"lounge",51,21,33141,1,41.10787964,14.20880985,8900
"lounge",51,12,9248,1,43.78237152,11.25498962,10000
"pop",51,145,201000,1,45.14113998,9.10807991,2500
"lounge",51,65,59000,1,44.98873901,9.010499954,7190
"pop",51,93,83000,1,46.49528122,11.35346031,6800
"lounge",51,24,10400,1,44.0098114,10.59037018,10800
"lounge",51,24,17000,1,45.25130844,10.66870022,9100
"lounge",51,93,50247,1,44.05541992,12.57003975,7380
"lounge",51,106,78000,1,44.11185837,9.958860397,7800
"lounge",51,61,60000,1,41.35784912,13.42463017,8900
"pop",51,24,34300,1,41.45072174,12.62502003,9490
"lounge",51,26,29340,1,41.90322113,12.49565029,8650
"lounge",51,23,29000,1,36.85583878,14.76047039,10700
"pop",51,17,18000,1,40.91075134,14.50899029,10900
"lounge",51,21,37307,1,41.10787964,14.20880985,8900
"lounge",51,36,50290,1,41.90322113,12.49565029,7100
"lounge",51,23,19000,1,40.73484039,14.57341957,9499
"pop",51,65,53243,1,44.28387833,11.88813972,8990
"lounge",51,53,12400,1,45.45331955,10.40966988,10500
"lounge",51,24,26200,1,44.0098114,10.59037018,10800
"lounge",51,24,15000,1,45.25130844,10.66870022,9100
"lounge",51,25,9900,1,45.70759964,8.911669731,10950
"sport",62,92,6200,1,43.37266159,13.21980953,7500
"pop",51,25,15600,1,41.90322113,12.49565029,9900
"pop",73,119,133000,1,45.46796036,9.181779861,6300
"lounge",51,27,29520,1,41.90322113,12.49565029,10400
"sport",51,136,87000,1,41.90322113,12.49565029,5900
"pop",51,58,55519,1,45.12158966,7.81551981,8700
"lounge",51,23,38315,1,41.10787964,14.20880985,9400
"lounge",51,12,9248,1,45.00674057,8.924189568,10000
"lounge",51,35,58600,1,44.90724182,8.611559868,8500
"lounge",51,20,47989,1,41.10787964,14.20880985,9800
"lounge",51,22,52400,1,43.25386047,11.81614971,8800
"lounge",51,22,21000,1,44.0098114,10.59037018,10800
"lounge",51,126,96700,1,41.46273041,12.90528011,6300
"lounge",51,27,14500,1,41.90322113,12.49565029,10600
"lounge",51,26,40100,1,45.33407974,11.37687016,10200
"pop",51,23,13947,1,45.43811035,12.31814957,9700
"lounge",51,72,106000,1,40.56388855,17.33919907,7500
"sport",51,114,139750,3,41.2329483,16.29486084,5800
"pop",51,24,56000,3,40.8401413,14.25226021,8900
"pop",51,68,97677,1,42.51440811,14.14770985,7790
"lounge",51,22,23458,1,41.10787964,14.20880985,9400
"lounge",51,12,9248,1,39.21453857,9.110489845,10000
"pop",51,79,85000,1,43.52902985,12.16218376,6499
"lounge",51,20,45053,1,41.10787964,14.20880985,9600
"lounge",51,106,68000,1,39.84526062,18.36552048,7450
"pop",51,24,17400,1,44.0098114,10.59037018,10800
"lounge",51,81,47524,1,45.06967926,7.704919815,7950
"sport",62,101,112117,1,45.25228119,8.742609978,8900
"pop",62,59,32000,1,40.91109085,14.39820957,10500
"lounge",51,15,13000,1,45.96057129,8.449370384,10490
"lounge",51,110,138000,2,45.5320015,9.28153038,4600
"pop",51,137,143253,2,43.70996094,10.3994503,3900
"pop",51,79,80613,2,41.90322113,12.49565029,6900
"lounge",51,106,140000,2,41.7690506,12.66281033,4800
"lounge",51,20,34782,2,41.10787964,14.20880985,8900
"lounge",51,12,9248,1,44.50482178,11.34517956,10000
"sport",51,140,105000,1,45.69655991,9.064319611,4900
"lounge",51,22,36900,1,40.91411972,14.26638985,8900
"lounge",51,12,12000,1,42.09685898,11.78981018,9990
"pop",51,49,59000,1,44.0098114,10.59037018,7500
"lounge",51,49,56779,1,45.25130844,10.66870022,10900
"lounge",51,138,110000,1,41.90322113,12.49565029,4999
"lounge",51,14,19570,1,45.6835289,11.95294952,10500
"lounge",51,26,33869,1,43.52902985,12.16218376,9490
"pop",51,23,39162,1,45.5712204,9.159139633,9780
"lounge",51,123,128000,1,37.50395966,14.96681023,6700
"pop",51,133,163000,1,45.66228104,9.631299973,4900
"lounge",51,35,69000,1,41.90322113,12.49565029,8900
"lounge",51,22,42207,1,41.10787964,14.20880985,8900
"lounge",51,145,149326,1,45.81071091,9.08714962,3900
"pop",51,90,91000,1,45.69655991,9.064319611,7800
"lounge",51,81,110000,1,45.06967926,7.704919815,5990
"pop",51,62,33530,1,40.82139969,14.12238026,7300
"lounge",51,22,26500,1,44.0098114,10.59037018,10800
"lounge",51,22,56779,1,45.25130844,10.66870022,10900
"lounge",51,59,71800,1,45.81475067,8.830129623,9300
"pop",51,67,47000,1,43.52902985,12.16218376,7490
"sport",51,23,39162,1,40.75220871,14.45341015,9879
"lounge",51,26,36624,1,45.02238846,7.586019993,8990
"lounge",51,38,27944,1,45.49134827,10.21743965,9900
"pop",51,23,42000,1,45.67449188,12.15540028,8450
"lounge",51,21,38231,1,41.10787964,14.20880985,8900
"lounge",51,86,56000,1,45.58409119,9.270959854,7699
"pop",51,126,160000,1,45.57213974,9.768670082,5700
"lounge",51,25,60000,2,45.43830109,10.99170017,9400
"pop",51,12,19500,2,44.0098114,10.59037018,9900
"lounge",51,26,28291,1,40.40106964,15.59286976,9499
"pop",51,51,54000,1,43.46353912,11.87765026,11000
"lounge",51,15,22172,1,44.41175842,12.2040596,10900
"lounge",51,81,83490,3,43.52902985,12.16218376,6490
"pop",51,23,39162,3,40.75220871,14.45341015,9879
"sport",51,133,98000,1,41.90322113,12.49565029,5500
"lounge",51,24,17400,1,45.64250183,12.16362,9800
"lounge",51,21,34419,1,41.10787964,14.20880985,8900
"lounge",51,25,18467,1,40.40106964,15.59286976,9999
"lounge",51,13,13546,1,41.90322113,12.49565029,9550
"pop",51,22,45400,1,43.88188934,10.80235004,10500
"sport",51,115,60000,2,45.43830109,10.99170017,6900
"pop",51,147,119000,2,45.6563797,9.50508976,4700
"pop",51,133,140000,2,40.40106964,15.59286976,5700
"lounge",51,83,117000,2,45.78366852,8.967240334,7885
"lounge",51,42,24162,1,45.06967926,7.704919815,8990
"lounge",51,27,32150,1,45.51285172,9.980259895,10400
"sport",51,23,56779,1,41.90322113,12.49565029,10180
"lounge",51,27,14900,1,45.64250183,12.16362,9800
"lounge",51,69,80133,1,45.46796036,9.181779861,7990
"lounge",51,22,35985,1,41.10787964,14.20880985,8900
"lounge",51,13,13017,1,41.90322113,12.49565029,9550
"lounge",51,12,7200,1,41.90322113,12.49565029,10500
"pop",51,12,11200,1,45.54597855,12.16055965,9490
"lounge",51,15,16000,1,45.96057129,8.449370384,10490
"pop",51,83,106000,1,45.76464844,8.99450016,6900
"lounge",51,87,70000,1,43.52130127,11.56849003,7500
"lounge",51,15,21907,1,45.39360046,10.48223972,10900
"pop",51,35,16000,1,45.76197052,11.43605042,9500
"sport",51,23,39162,1,41.80298996,12.59893036,10180
"lounge",51,15,15344,1,45.77669144,9.065250397,9890
"lounge",51,26,34629,1,45.46796036,9.181779861,10490
"lounge",51,70,64678,1,45.06967926,7.704919815,7490
"lounge",51,21,39332,1,41.10787964,14.20880985,9400
"lounge",51,13,13546,1,41.90322113,12.49565029,9550
"lounge",51,23,34027,1,44.71540833,11.30830002,10500
"lounge",51,27,28220,1,41.90322113,12.49565029,10400
"sport",51,104,90000,1,40.66714096,16.60445023,6500
"lounge",51,23,10000,1,43.84197998,10.51531029,9800
"lounge",51,15,18253,1,45.39360046,10.48223972,10900
"pop",51,12,17000,1,45.0007019,7.68227005,10200
"pop",51,23,56779,1,41.90322113,12.49565029,10180
"lounge",51,15,11511,1,45.77669144,9.065250397,9890
"lounge",51,29,33160,1,45.77899933,12.99709034,9900
"lounge",51,27,30510,1,41.90322113,12.49565029,10400
"lounge",51,22,42329,1,41.10787964,14.20880985,9400
"pop",51,44,32000,1,41.90322113,12.49565029,7990
"lounge",51,22,34825,1,44.71540833,11.30830002,10500
"lounge",51,26,26220,1,41.90322113,12.49565029,8750
"lounge",51,22,28642,1,45.60982895,9.147000313,9990
"lounge",51,48,36000,1,41.90322113,12.49565029,9300
"lounge",51,25,13590,1,44.50482178,11.34517956,10500
"pop",51,23,39162,1,41.80298996,12.59893036,10180
"lounge",51,13,18324,1,45.77669144,9.065250397,9990
"lounge",51,27,18990,1,41.90322113,12.49565029,10700
"lounge",51,21,38294,1,41.10787964,14.20880985,8900
"pop",51,121,116000,1,45.0007019,7.68227005,4900
"lounge",51,21,33630,1,44.71540833,11.30830002,10500
"lounge",51,27,26390,1,41.90322113,12.49565029,10500
"lounge",51,22,28181,1,45.60982895,9.147000313,9990
"lounge",51,41,23000,1,41.90322113,12.49565029,10600
"lounge",51,34,22000,1,41.05591965,14.29944038,9500
"lounge",51,135,90000,1,45.78366852,8.967240334,5000
"lounge",51,68,114000,1,45.53659058,10.23204041,7000
"lounge",51,13,18900,1,45.19216156,11.21302032,10900
"lounge",51,22,30000,1,45.76464844,8.99450016,10800
"lounge",51,20,44208,1,41.10787964,14.20880985,9500
"lounge",51,20,114000,1,40.84590149,14.36927032,4600
"lounge",51,21,33389,1,41.10787964,14.20880985,8900
"sport",73,145,190000,1,41.90322113,12.49565029,3800
"pop",51,145,119000,1,45.50133896,9.025719643,4490
"lounge",51,21,41000,1,43.06753159,12.55154991,10800
"pop",51,62,33530,1,40.9921608,14.21393013,7300
"lounge",51,22,30357,1,45.60982895,9.147000313,9990
"pop",51,24,39900,1,45.57402039,10.00240993,9850
"lounge",51,34,25000,1,41.05591965,14.29944038,9500
"pop",51,26,36060,1,45.46796036,9.181779861,9990
"lounge",51,43,49000,1,45.46796036,9.181779861,9490
"lounge",51,25,41110,1,42.10424042,13.60245895,10300
"pop",51,78,108000,1,45.78366852,8.967240334,7400
"lounge",51,23,39207,1,41.10787964,14.20880985,8900
"pop",51,77,82000,1,45.60697174,9.629229546,6490
"pop",51,35,66000,1,40.8401413,14.25226021,7900
"pop",51,26,39144,1,45.70724869,11.4776001,9700
"lounge",51,37,24000,1,40.3579483,18.16801071,10990
"lounge",51,26,30779,1,45.29212189,12.03197956,10490
"lounge",51,40,56779,1,45.66635895,12.24188995,10800
"lounge",51,25,22770,1,45.53266144,9.038920403,10900
"pop",51,12,17845,1,45.46796036,9.181779861,9800
"lounge",51,15,11511,1,45.43610001,8.887869835,9890
"pop",51,23,47600,1,41.8230896,12.80220985,8500
"lounge",51,133,158000,1,40.94717026,14.37254047,4500
"lounge",51,21,32328,1,41.10787964,14.20880985,8900
"pop",51,125,110000,1,45.77658844,12.04730034,3900
"lounge",51,94,65000,1,39.69966125,9.577730179,5800
"lounge",51,121,134000,1,44.50482178,11.34517956,5500
"lounge",51,33,28000,1,44.09373856,12.39601994,9800
"sport",51,149,133900,1,44.03533173,10.13949013,5900
"lounge",77,55,32654,1,40.8401413,14.25226021,9990
"lounge",51,15,14970,1,45.81475067,8.830129623,10700
"lounge",51,13,18324,1,45.43610001,8.887869835,9990
"lounge",74,130,235000,1,45.96493149,12.6445303,5700
"lounge",51,90,82000,1,45.63032913,12.56696033,6900
"lounge",51,13,11997,1,41.08335114,16.77858925,9999
"lounge",51,12,17559,1,45.43811035,12.31814957,10800
"lounge",51,12,13464,1,45.36685944,10.21848011,9699
"lounge",51,35,59961,1,40.75220871,14.45341015,7479
"lounge",51,14,16805,1,40.8401413,14.25226021,10690
"lounge",51,23,14500,1,45.43811035,12.31814957,10000
"sport",51,147,88578,1,40.3579483,18.16801071,5790
"lounge",51,142,116210,1,45.78366852,8.967240334,6250
"pop",51,35,65689,1,44.50883865,11.46907997,8500
"lounge",51,38,53000,1,45.46796036,9.181779861,9990
"lounge",51,22,30000,1,45.76464844,8.99450016,10800
"lounge",51,15,15344,1,45.43610001,8.887869835,9890
"pop",51,13,17000,1,41.90322113,12.49565029,9970
"pop",51,57,50059,1,41.90322113,12.49565029,7350
"lounge",51,13,11997,1,41.90322113,12.49565029,9999
"lounge",51,13,19510,1,45.43811035,12.31814957,10800
"lounge",51,13,14796,1,45.36685944,10.21848011,9999
"lounge",51,23,19000,1,40.73484039,14.57341957,9299
"pop",51,72,69000,1,41.46273041,12.90528011,6900
"lounge",51,27,14630,1,44.09373856,12.39601994,10900
"pop",51,47,87000,1,44.50883865,11.46907997,7450
"lounge",51,126,124000,1,45.69522858,9.669509888,5200
"lounge",51,22,31000,1,45.76464844,8.99450016,10800
"lounge",51,109,129000,1,43.88206863,11.10035038,5800
"lounge",51,105,72900,1,45.43244934,9.10958004,8500
"pop",51,12,14730,1,44.51242828,11.12837982,9500
"lounge",51,13,11997,1,45.66635895,12.24188995,9999
"lounge",51,13,12473,1,45.43811035,12.31814957,10800
"lounge",51,47,30200,1,44.50482178,11.34517956,9900
"lounge",51,21,40600,1,43.06753159,12.55154991,10800
"lounge",74,125,62000,1,45.07133102,7.515940189,5900
"lounge",51,12,14500,1,45.43811035,12.31814957,10100
"pop",51,93,79271,1,40.3579483,18.16801071,8490
"lounge",51,93,134000,1,40.9556694,14.53141022,5800
"lounge",51,26,33597,1,45.46796036,9.181779861,9790
"lounge",51,33,51000,1,40.91136169,14.21119976,8799
"lounge",51,22,30000,1,45.76464844,8.99450016,10800
"lounge",51,60,81600,1,40.56082916,17.80801964,6490
"lounge",51,27,26330,1,41.90322113,12.49565029,10500
"lounge",51,40,28000,1,40.65832138,17.70716095,8600
"lounge",51,12,13269,1,45.43811035,12.31814957,10800
"lounge",51,70,59000,1,42.10237122,12.17640018,8400
"pop",51,24,33961,1,45.65993118,8.792559624,10200
"lounge",51,14,24500,1,45.43811035,12.31814957,10100
"pop",51,119,77000,1,45.63404083,10.19487,7990
"lounge",51,38,32000,1,41.68379974,12.77451992,8900
"lounge",51,60,39439,1,45.66067886,10.06460953,9400
"pop",51,12,19220,1,45.43811035,12.31814957,9800
"sport",51,140,95000,1,43.37266159,13.21980953,4800
"lounge",51,38,38000,1,41.2392807,13.93301964,8999
"lounge",51,21,33000,1,45.40507126,9.927339554,9900
"lounge",51,23,42915,1,45.06967926,7.704919815,9500
"pop",51,26,50740,1,40.87142944,14.43896008,8300
"lounge",51,15,19494,1,44.38822174,7.54832983,10900
"pop",51,58,80000,1,42.10237122,12.17640018,7500
"lounge",51,71,78817,1,45.40943909,11.87170982,8500
"lounge",51,24,20000,1,41.57223892,13.33368969,9900
"lounge",51,22,24598,1,45.43811035,12.31814957,10000
"pop",51,24,25000,1,41.72117996,12.67368031,10400
"lounge",51,94,108000,2,43.56518173,11.17848015,6900
"lounge",51,74,57688,2,45.73727036,11.38978958,8800
"lounge",51,15,13250,2,42.10237122,12.17640018,10890
"lounge",51,38,40700,1,41.90322113,12.49565029,8750
"lounge",51,22,29000,1,45.40507126,9.927339554,9900
"lounge",51,39,14500,1,41.90322113,12.49565029,10990
"pop",51,26,42259,1,40.87142944,14.43896008,8300
"lounge",51,22,5140,1,44.90724182,8.611559868,9500
"lounge",51,120,122649,1,44.64313126,10.9340601,5300
"lounge",51,106,54877,1,45.53659058,10.23204041,9900
"lounge",51,29,25000,1,44.90724182,8.611559868,8900
"lounge",51,101,98000,1,45.60689163,9.306619644,6500
"lounge",51,69,46000,1,43.56518173,11.17848015,9200
"lounge",51,27,15546,1,41.90322113,12.49565029,9500
"pop",51,42,41000,1,40.74824142,14.52834988,7799
"lounge",51,21,33007,1,41.10787964,14.20880985,9700
"pop",51,17,23000,1,45.06967926,7.704919815,10990
"pop",51,75,85000,1,45.6835289,11.95294952,8400
"lounge",51,12,11500,1,44.51242828,11.12837982,10400
"pop",51,12,19455,1,45.51256943,10.32901001,9500
"lounge",51,13,15999,1,45.36685944,10.21848011,9999
"lounge",51,103,89000,1,46.16872025,12.70748997,6900
"lounge",51,71,78817,1,45.92216873,12.36149979,8500
"lounge",51,94,47016,1,45.53659058,10.23204041,7900
"lounge",51,26,18700,1,41.57223892,13.33368969,9900
"lounge",51,45,55600,1,40.33591843,15.33714008,9300
"lounge",51,26,40000,1,45.58409119,9.270959854,9900
"lounge",51,53,45000,1,44.29430008,9.674440384,8800
"lounge",51,71,66900,1,45.67483902,9.687859535,8500
"lounge",51,23,31331,1,41.10787964,14.20880985,9700
"lounge",51,15,14900,1,45.71659088,9.708080292,10400
"pop",51,144,107600,1,44.63998032,8.64468956,3950
"sport",51,119,185000,1,45.02709961,12.22085953,4400
"lounge",51,63,53182,1,45.62813187,9.045459747,7900
"lounge",51,24,9600,1,40.66714096,16.60445023,10500
"lounge",51,21,39414,1,41.10787964,14.20880985,8900
"pop",51,12,5870,1,41.08335114,16.77858925,10999
"lounge",51,61,94752,1,45.53659058,10.23204041,7900
"lounge",51,26,18300,1,41.57223892,13.33368969,9980
"pop",51,115,105026,1,40.3579483,18.16801071,5490
"pop",51,61,108650,1,45.67927933,9.237190247,6790
"lounge",51,13,13988,1,45.70724869,11.4776001,10500
"lounge",51,25,20000,1,41.90322113,12.49565029,8990
"lounge",51,21,41810,1,41.10787964,14.20880985,9700
"pop",51,110,85500,1,45.66635895,12.24188995,5699
"sport",73,135,129000,1,45.16025162,9.137539864,4000
"lounge",51,83,92956,1,41.31988907,16.2791996,7300
"lounge",51,14,15380,1,45.06967926,7.704919815,10500
"lounge",51,34,45000,1,41.90322113,12.49565029,10500
"lounge",51,21,28548,1,41.10787964,14.20880985,9400
"pop",51,12,5870,1,41.90322113,12.49565029,10999
"lounge",51,35,70458,1,45.53659058,10.23204041,8900
"lounge",51,124,106000,2,42.34614944,14.40161037,6300
"lounge",51,99,76000,2,40.41302109,16.69087029,6900
"lounge",51,25,18000,2,45.58409119,9.270959854,9900
"lounge",51,25,18157,1,40.83581161,14.50440979,9590
"lounge",51,23,24000,1,41.90322113,12.49565029,8990
"lounge",51,21,30323,1,41.10787964,14.20880985,9700
"pop",51,110,85500,1,41.08335114,16.77858925,5699
"sport",51,108,145000,2,42.94897842,13.87775993,4500
"lounge",51,13,19600,2,44.51242828,11.12837982,10900
"lounge",51,135,134000,2,45.1778717,7.644120216,5550
"lounge",51,34,45000,2,41.90322113,12.49565029,10500
"lounge",51,23,25656,2,41.10787964,14.20880985,9400
"pop",51,12,5870,2,45.66635895,12.24188995,10999
"lounge",51,35,68597,2,45.53659058,10.23204041,8900
"lounge",51,25,37447,2,42.09685898,11.78981018,9990
"pop",51,123,129000,2,43.25925064,13.01226044,5300
"lounge",51,25,20000,2,45.58409119,9.270959854,9900
"pop",51,27,13000,1,45.3956604,9.638270378,9900
"lounge",51,25,10100,1,41.90322113,12.49565029,9900
"lounge",51,21,32061,1,41.10787964,14.20880985,9700
"pop",51,110,85500,1,41.90322113,12.49565029,5699
"lounge",51,26,38510,1,41.90322113,12.49565029,10300
"lounge",51,108,84318,1,43.78237152,11.25498962,6450
"lounge",51,22,25571,1,41.10787964,14.20880985,9400
"lounge",51,22,42260,1,41.10787964,14.20880985,9400
"pop",51,12,5870,1,43.78237152,11.25498962,10999
"lounge",51,35,70055,1,45.53659058,10.23204041,8900
"lounge",51,12,9248,1,41.90322113,12.49565029,10000
"lounge",51,51,36500,1,44.38822174,7.54832983,9900
"lounge",51,26,15000,1,45.58409119,9.270959854,9900
"lounge",51,129,98137,1,44.11185837,9.958860397,5500
"lounge",51,39,34000,1,40.81591034,14.57960033,8499
"lounge",51,23,28438,1,41.10787964,14.20880985,9700
"lounge",51,24,22125,1,40.87142944,14.43896008,9950
"lounge",51,28,30000,1,45.38516998,12.00809002,9800
"sport",51,61,65000,1,40.63722992,15.7992897,10490
"lounge",51,13,12917,1,39.29122162,16.25251389,9690
"lounge",51,22,32129,1,41.10787964,14.20880985,9400
"lounge",51,21,32970,1,41.10787964,14.20880985,9400
"lounge",51,63,89000,1,45.06967926,7.704919815,8500
"lounge",51,35,77020,1,45.53659058,10.23204041,8900
"lounge",51,12,9248,1,45.43830109,10.99170017,10000
"lounge",51,25,18000,1,46.13788986,11.11398983,10450
"lounge",51,26,22000,1,45.58409119,9.270959854,9900
"pop",51,12,16600,1,46.17649841,9.903670311,10200
"lounge",51,48,39500,3,45.92216873,12.36149979,9800
"lounge",51,22,14475,3,41.10787964,14.20880985,9700
"lounge",51,46,58684,3,45.68825912,8.731450081,8900
"lounge",51,132,35473,1,45.77568817,8.855879784,6799
"lounge",51,26,37000,1,45.43830109,10.99170017,8990
"lounge",51,37,29500,1,43.89019012,10.33331966,9700
"lounge",51,23,34031,1,41.10787964,14.20880985,9400
"lounge",51,22,32867,1,41.10787964,14.20880985,9400
"pop",51,96,120000,1,41.99634933,12.72344017,7950
"lounge",51,35,73589,1,45.53659058,10.23204041,8900
"lounge",51,19,32057,1,41.90322113,12.49565029,9600
"lounge",51,12,13105,1,45.74074173,12.23266983,10950
"lounge",51,23,25692,1,45.43878937,10.76424026,10300
"lounge",51,82,85598,1,45.61143875,8.901260376,7400
"lounge",51,24,20025,1,41.68928146,13.25494003,9900
"lounge",51,22,39470,1,41.10787964,14.20880985,10900
"lounge",51,21,31277,1,41.90322113,12.49565029,9500
"sport",74,128,157000,2,45.16540909,10.79242039,4900
"sport",51,126,83000,2,45.82658005,10.09716988,5900
"lounge",51,21,33626,2,41.10787964,14.20880985,9400
"lounge",51,22,32213,2,41.10787964,14.20880985,8900
"pop",51,129,156000,2,41.99634933,12.72344017,4500
"lounge",62,105,72247,1,45.53659058,10.23204041,7500
"lounge",51,19,32057,1,45.43830109,10.99170017,9600
"pop",51,115,160000,1,46.13788986,11.11398983,6250
"lounge",51,152,171150,1,45.83068848,12.03334045,2900
"lounge",51,52,97000,1,45.3956604,9.638270378,8700
"sport",51,23,39162,1,45.5712204,9.159139633,9780
"pop",51,61,69683,1,41.90322113,12.49565029,8500
"lounge",51,13,15728,1,41.83264923,12.75259972,9970
"lounge",51,12,12950,1,44.51242828,11.12837982,10400
"lounge",51,74,32000,1,45.82658005,10.09716988,8600
"lounge",51,21,35711,1,41.10787964,14.20880985,9400
"lounge",51,22,35872,1,41.10787964,14.20880985,9400
"lounge",51,136,123105,2,45.65016174,9.205189705,4500
"lounge",51,35,76391,2,45.53659058,10.23204041,8900
"pop",51,46,57662,1,45.46796036,9.181779861,7800
"lounge",62,82,80000,1,46.79561234,11.93916416,7400
"lounge",51,18,9700,1,41.77008057,12.22710991,10900
"lounge",51,25,33435,1,41.10787964,14.20880985,10900
"pop",51,53,62000,1,45.67181015,9.609210014,7800
"lounge",51,26,21600,1,41.90322113,12.49565029,8750
"lounge",51,42,69140,1,41.90322113,12.49565029,8700
"lounge",51,13,16653,1,41.83264923,12.75259972,9970
"pop",51,12,14730,1,44.51242828,11.12837982,9500
"pop",51,39,58000,1,44.79853058,10.34022045,8900
"lounge",51,23,34120,1,41.10787964,14.20880985,9400
"lounge",51,21,33767,1,41.10787964,14.20880985,9400
"pop",51,61,57500,1,45.76697922,11.73840046,7500
"lounge",51,35,71107,1,45.53659058,10.23204041,8900
"lounge",51,23,36500,1,44.33240128,8.515649796,10990
"lounge",51,108,61973,1,45.43811035,12.31814957,7950
"lounge",73,82,69000,1,45.50944901,9.088700294,6800
"lounge",51,25,29378,1,41.10787964,14.20880985,10900
"pop",51,12,19637,1,45.43811035,12.31814957,9800
"lounge",51,26,22610,1,41.90322113,12.49565029,8000
"pop",51,106,73000,1,38.12207031,13.36112022,7490
"lounge",51,13,12575,1,41.83264923,12.75259972,9970
"pop",51,37,68523,1,45.5712204,9.159139633,8250
"lounge",51,81,78000,1,43.46353912,11.87765026,7900
"lounge",51,20,32733,1,41.10787964,14.20880985,9400
"lounge",51,21,39328,1,41.10787964,14.20880985,9400
"lounge",51,126,123892,1,45.35438919,11.86925983,6500
"lounge",51,35,72076,1,45.53659058,10.23204041,8900
"lounge",51,23,36500,1,44.33240128,8.515649796,9990
"lounge",51,25,16000,1,41.90322113,12.49565029,8990
"lounge",51,139,130000,1,40.53305054,17.58444977,5100
"lounge",51,23,29506,1,46.21461105,13.21988964,10700
"lounge",51,25,36993,1,45.5712204,9.159139633,8980
"lounge",51,26,24620,1,41.90322113,12.49565029,8000
"lounge",51,14,19046,1,45.6835289,11.95294952,10500
"pop",51,106,48000,1,45.07133102,7.515940189,8500
"pop",51,38,65235,1,45.5712204,9.159139633,8250
"lounge",51,118,80000,1,43.46353912,11.87765026,6500
"lounge",51,21,37891,1,41.10787964,14.20880985,9400
"lounge",51,22,38507,1,41.10787964,14.20880985,9400
"lounge",51,131,115557,1,41.90322113,12.49565029,4900
"lounge",51,35,69873,1,45.53659058,10.23204041,8900
"lounge",51,25,38300,1,44.33240128,8.515649796,10600
"lounge",51,43,27471,1,41.90322113,12.49565029,10500
"pop",51,120,52000,1,44.64313126,10.9340601,9500
"pop",51,78,94063,1,38.17837143,15.55307961,6900
"lounge",51,25,36993,1,41.90322113,12.49565029,8980
"lounge",51,26,27440,1,41.90322113,12.49565029,8650
"pop",51,93,75070,2,45.31705856,8.858699799,5500
"sport",51,133,110661,2,46.17649841,9.903670311,6300
"lounge",51,125,130000,2,44.54187012,10.78141975,6400
"lounge",51,58,29400,2,41.74177933,12.6441803,7300
"lounge",51,20,32665,2,41.10787964,14.20880985,9400
"lounge",51,22,35755,2,41.10787964,14.20880985,9400
"lounge",51,15,20941,1,39.29122162,16.25251389,9700
"lounge",51,24,19100,1,45.53868866,9.928310394,10200
"lounge",51,25,38300,1,44.33240128,8.515649796,9800
"lounge",62,46,24936,1,41.90322113,12.49565029,8500
"lounge",51,63,73000,1,39.2908783,9.001700401,7500
"lounge",51,36,38000,1,45.42673111,9.064720154,9400
"lounge",51,25,36112,1,41.80298996,12.59893036,8980
"pop",51,37,31350,1,45.81071091,9.08714962,8750
"pop",51,101,72500,1,45.46796036,9.181779861,8499
"lounge",51,60,71000,1,40.85173035,14.47784042,7600
"pop",51,43,38000,1,45.06967926,7.704919815,8900
"sport",51,27,29000,1,41.74177933,12.6441803,8500
"lounge",51,23,36342,1,41.10787964,14.20880985,9400
"lounge",51,21,30954,1,41.10787964,14.20880985,9400
"lounge",51,25,18800,1,45.53868866,9.928310394,9700
"pop",51,81,52200,1,46.49528122,11.35346031,8900
"lounge",51,48,46108,1,41.90322113,12.49565029,8000
"lounge",51,47,38000,1,45.21540833,7.633669853,9900
"lounge",51,78,75900,1,46.17649841,9.903670311,8500
"lounge",51,25,39751,1,41.90322113,12.49565029,9900
"lounge",51,22,33000,1,42.28702927,12.40754032,10490
"lounge",51,22,21720,1,40.39588928,18.12977982,9900
"lounge",51,123,56600,1,45.42324829,9.115189552,5600
"lounge",51,123,189000,1,41.74177933,12.6441803,3990
"lounge",51,23,34233,1,41.10787964,14.20880985,9400
"lounge",51,22,42695,1,41.10787964,14.20880985,8900
"lounge",51,23,25900,1,45.53868866,9.928310394,9900
"lounge",51,104,95000,1,45.42673111,9.064720154,7400
"lounge",51,63,29000,1,41.58634949,13.57699966,9000
"lounge",51,94,50000,1,44.55202866,7.725810051,6950
"lounge",51,50,57800,1,44.50482178,11.34517956,9500
"lounge",51,25,20457,1,41.90322113,12.49565029,9700
"pop",51,38,28000,1,45.76464844,8.99450016,10900
"lounge",51,48,103519,1,43.84197998,10.51531029,7500
"lounge",51,72,100000,1,43.81702042,10.68284988,8600
"lounge",51,35,69916,1,41.90322113,12.49565029,8980
"lounge",51,22,34819,1,41.10787964,14.20880985,9400
"lounge",51,23,42095,1,41.10787964,14.20880985,8900
"lounge",51,36,16876,1,43.06753159,12.55154991,10500
"pop",51,38,47000,1,41.90322113,12.49565029,7900
"lounge",51,117,88000,1,41.59114075,13.24621964,5000
"lounge",51,59,61000,1,40.85889816,14.35719013,6990
"lounge",51,25,15613,1,41.90322113,12.49565029,9900
"pop",51,26,44687,1,41.10787964,14.20880985,8800
"lounge",51,48,103519,1,43.87985992,10.78281021,7500
"lounge",51,147,143900,1,44.64313126,10.9340601,5400
"lounge",51,35,69916,1,45.5712204,9.159139633,8980
"lounge",51,22,32835,1,41.10787964,14.20880985,9400
"lounge",51,23,39024,1,41.10787964,14.20880985,9400
"lounge",51,13,16300,1,45.06967926,7.704919815,10200
"lounge",51,31,15748,1,43.06753159,12.55154991,10700
"lounge",51,26,46038,1,45.06888962,9.266180038,10900
"lounge",51,109,122000,1,44.90724182,8.611559868,5500
"lounge",51,121,105000,1,44.64313126,10.9340601,6200
"lounge",51,102,99999,1,40.94717026,14.37254047,6500
"pop",51,13,15000,1,41.90322113,12.49565029,9970
"sport",62,104,89000,1,45.72438049,11.76348972,5500
"lounge",51,41,75000,1,41.68379974,12.77451992,8000
"pop",51,39,42900,1,39.21453857,9.110489845,9900
"lounge",51,35,69916,1,41.90322113,12.49565029,8980
"lounge",51,23,33942,1,41.10787964,14.20880985,9400
"lounge",51,23,37093,1,41.10787964,14.20880985,9400
"lounge",51,13,16300,1,41.90322113,12.49565029,10200
"lounge",51,14,17539,1,40.9921608,14.21393013,10500
"lounge",51,25,16700,1,40.40106964,15.59286976,9990
"lounge",51,25,9500,1,44.54187012,10.78141975,10900
"lounge",51,26,24086,1,45.43878937,10.76424026,10350
"pop",62,114,90000,1,40.85889816,14.35719013,5199
"lounge",51,59,48500,1,45.50133896,9.025719643,7500
"lounge",51,67,50000,1,45.43830109,10.99170017,8000
"sport",51,108,160012,4,45.14113998,9.10807991,3900
"lounge",51,49,58000,4,44.98873901,9.010499954,8890
"lounge",51,35,69916,4,45.5712204,9.159139633,8980
"lounge",51,23,35752,4,41.10787964,14.20880985,9400
"lounge",51,21,34992,4,41.10787964,14.20880985,9400
"lounge",51,13,16300,4,45.46796036,9.181779861,10200
"pop",51,83,82000,1,41.7690506,12.66281033,3950
"pop",51,24,17000,1,45.06967926,7.704919815,9500
"lounge",51,61,48900,1,45.96057129,8.449370384,10900
"lounge",51,24,24235,1,45.43878937,10.76424026,10350
"pop",51,82,80000,1,41.77008057,12.22710991,8500
"lounge",51,24,16500,1,40.66714096,16.60445023,10500
"lounge",51,63,126426,1,41.7690506,12.66281033,6500
"lounge",51,23,58231,1,45.02238846,7.586019993,7900
"lounge",51,55,89000,1,41.14123154,14.39577961,7600
"lounge",51,35,69916,1,40.75220871,14.45341015,8979
"lounge",51,22,36458,1,41.10787964,14.20880985,9400
"lounge",51,22,40639,1,41.10787964,14.20880985,8900
"lounge",51,32,40000,1,45.28242111,9.931300163,9950
"lounge",51,24,12000,1,45.02238846,7.586019993,9980
"lounge",51,12,15000,1,45.54148102,8.071920395,10900
"lounge",51,24,17228,1,42.66495895,13.91786957,9900
"lounge",73,151,220000,2,40.97645187,14.17228031,3850
"pop",51,83,108000,1,37.51136017,15.06752014,6800
"pop",51,12,22148,1,45.70724869,11.4776001,9500
"lounge",51,35,69916,1,40.75220871,14.45341015,8980
"lounge",51,96,100000,1,44.53776932,10.81636047,6999
"lounge",51,20,27370,1,41.10787964,14.20880985,9400
"pop",51,145,69000,1,45.05659866,9.701760292,5290
"sport",51,90,77149,3,44.75489044,8.031900406,7800
"pop",62,110,80000,3,44.28387833,11.88813972,7900
"pop",51,48,91055,3,44.50883865,11.46907997,7450
"lounge",51,13,15840,3,38.12207031,13.36112022,10700
"sport",51,46,60000,1,45.80202103,9.187789917,10800
"pop",51,35,53100,1,38.12207031,13.36112022,8900
"pop",51,63,52008,1,45.43830109,10.99170017,9900
"sport",51,124,161900,1,44.9061203,7.677229881,4500
"lounge",51,22,32473,1,41.10787964,14.20880985,9400
"pop",51,35,82200,1,37.23033905,14.52340031,7990
"sport",51,142,95000,1,40.92850113,14.20366955,4500
"pop",51,62,11000,1,44.81375122,7.245399952,10500
"pop",51,47,87770,1,44.50883865,11.46907997,7450
"lounge",51,23,17324,1,45.55654907,9.534469604,9950
"lounge",51,23,43379,1,45.58409119,9.270959854,9850
"pop",51,98,89000,1,45.6095314,10.20856953,6400
"pop",51,136,136000,1,41.11426163,16.48571014,4100
"lounge",51,98,127000,1,45.51205063,10.42700958,5450
"lounge",62,113,79000,1,44.88497925,7.33220005,6500
"pop",51,35,52700,1,45.35438919,11.86925983,9000
"pop",51,35,80800,1,37.23033905,14.52340031,7990
"lounge",51,63,124999,1,45.56449127,10.11561012,6999
"pop",73,127,80500,1,40.70410919,17.34005928,8500
"pop",51,12,16100,1,44.69252014,10.10396004,10900
"lounge",51,13,16053,1,38.12207031,13.36112022,10500
"lounge",51,22,30000,1,45.76464844,8.99450016,10800
"lounge",51,34,15000,1,41.90322113,12.49565029,10990
"lounge",51,124,85000,1,44.29430008,9.674440384,4000
"lounge",51,12,14618,1,45.70724869,11.4776001,10500
"pop",51,74,79800,1,45.51205063,10.42700958,6450
"pop",51,72,53300,1,40.6095314,14.98093033,7900
"lounge",51,26,41870,1,45.70724869,11.4776001,9500
"lounge",51,56,23600,1,38.12207031,13.36112022,9300
"pop",51,17,3000,1,40.74824142,14.52834988,9999
"lounge",51,94,126000,1,43.84197998,10.51531029,5500
"lounge",51,24,22551,1,38.12207031,13.36112022,9900
"lounge",51,22,29000,1,45.76464844,8.99450016,10800
"sport",73,148,127000,1,45.52851105,9.593230247,4750
"pop",51,63,52008,1,45.54800034,11.54946995,9900
"sport",51,122,115280,1,45.06967926,7.704919815,5200
"lounge",74,126,112000,1,45.84569168,8.666870117,4600
"pop",51,73,60457,1,45.48154068,9.413479805,7500
"lounge",51,84,80750,1,45.0007019,7.68227005,5990
"pop",51,58,54276,1,40.32341003,17.56826973,7900
